Garrulax courtoisi,1998,NR
Garrulax courtoisi,1999,NR
Garrulax courtoisi,2000,NR
Garrulax courtoisi,2001,NR
Garrulax courtoisi,2002,NR
Garrulax courtoisi,2003,NR
Garrulax courtoisi,2004,NR
Garrulax courtoisi,2005,NR
Garrulax courtoisi,2006,LC
Garrulax courtoisi,2007,CR
Garrulax courtoisi,2008,CR
Garrulax courtoisi,2009,CR
Garrulax courtoisi,2010,CR
Garrulax courtoisi,2011,CR
Garrulax courtoisi,2012,CR
Garrulax courtoisi,2013,CR
Garrulax courtoisi,2014,CR
Garrulax courtoisi,2015,CR
Chthonicola sagittatus,1998,LR/lc
Chthonicola sagittatus,1999,LR/lc
Chthonicola sagittatus,2000,LR/nt
Chthonicola sagittatus,2001,LR/nt
Chthonicola sagittatus,2002,LR/nt
Chthonicola sagittatus,2003,LR/nt
Chthonicola sagittatus,2004,NT
Chthonicola sagittatus,2005,NT
Chthonicola sagittatus,2006,NT
Chthonicola sagittatus,2007,LC
Chthonicola sagittatus,2008,LC
Chthonicola sagittatus,2009,LC
Chthonicola sagittatus,2010,LC
Chthonicola sagittatus,2011,LC
Chthonicola sagittatus,2012,LC
Chthonicola sagittatus,2013,LC
Chthonicola sagittatus,2014,LC
Chthonicola sagittatus,2015,LC
Aeshna persephone,1998,VU
Aeshna persephone,1999,VU
Aeshna persephone,2000,VU
Aeshna persephone,2001,VU
Aeshna persephone,2002,VU
Aeshna persephone,2003,VU
Aeshna persephone,2004,VU
Aeshna persephone,2005,VU
Aeshna persephone,2006,VU
Aeshna persephone,2007,LC
Aeshna persephone,2008,LC
Aeshna persephone,2009,LC
Aeshna persephone,2010,LC
Aeshna persephone,2011,LC
Aeshna persephone,2012,LC
Aeshna persephone,2013,LC
Aeshna persephone,2014,LC
Aeshna persephone,2015,LC
Euphagus carolinus,1998,LR/lc
Euphagus carolinus,1999,LR/lc
Euphagus carolinus,2000,LR/lc
Euphagus carolinus,2001,LR/lc
Euphagus carolinus,2002,LR/lc
Euphagus carolinus,2003,LR/lc
Euphagus carolinus,2004,LC
Euphagus carolinus,2005,LC
Euphagus carolinus,2006,LC
Euphagus carolinus,2007,VU
Euphagus carolinus,2008,VU
Euphagus carolinus,2009,VU
Euphagus carolinus,2010,VU
Euphagus carolinus,2011,VU
Euphagus carolinus,2012,VU
Euphagus carolinus,2013,VU
Euphagus carolinus,2014,VU
Euphagus carolinus,2015,VU
Barbus calidus,1998,EN
Barbus calidus,1999,EN
Barbus calidus,2000,EN
Barbus calidus,2001,EN
Barbus calidus,2002,EN
Barbus calidus,2003,EN
Barbus calidus,2004,EN
Barbus calidus,2005,EN
Barbus calidus,2006,EN
Barbus calidus,2007,VU
Barbus calidus,2008,VU
Barbus calidus,2009,VU
Barbus calidus,2010,VU
Barbus calidus,2011,VU
Barbus calidus,2012,VU
Barbus calidus,2013,VU
Barbus calidus,2014,VU
Barbus calidus,2015,VU
Branta ruficollis,1998,VU
Branta ruficollis,1999,VU
Branta ruficollis,2000,VU
Branta ruficollis,2001,VU
Branta ruficollis,2002,VU
Branta ruficollis,2003,VU
Branta ruficollis,2004,VU
Branta ruficollis,2005,VU
Branta ruficollis,2006,VU
Branta ruficollis,2007,EN
Branta ruficollis,2008,EN
Branta ruficollis,2009,EN
Branta ruficollis,2010,EN
Branta ruficollis,2011,EN
Branta ruficollis,2012,EN
Branta ruficollis,2013,EN
Branta ruficollis,2014,EN
Branta ruficollis,2015,VU
Heteromirafra sidamoensis,1998,NA
Heteromirafra sidamoensis,1999,NA
Heteromirafra sidamoensis,2000,NA
Heteromirafra sidamoensis,2001,NA
Heteromirafra sidamoensis,2002,NA
Heteromirafra sidamoensis,2003,NA
Heteromirafra sidamoensis,2004,NA
Heteromirafra sidamoensis,2005,NA
Heteromirafra sidamoensis,2006,NA
Heteromirafra sidamoensis,2007,NA
Heteromirafra sidamoensis,2008,NA
Heteromirafra sidamoensis,2009,NA
Heteromirafra sidamoensis,2010,NA
Heteromirafra sidamoensis,2011,NA
Heteromirafra sidamoensis,2012,NA
Heteromirafra sidamoensis,2013,NA
Heteromirafra sidamoensis,2014,NA
Heteromirafra sidamoensis,2015,CR
Podocarpus pendulifolius,1998,R
Podocarpus pendulifolius,1999,R
Podocarpus pendulifolius,2000,R
Podocarpus pendulifolius,2001,R
Podocarpus pendulifolius,2002,R
Podocarpus pendulifolius,2003,R
Podocarpus pendulifolius,2004,R
Podocarpus pendulifolius,2005,R
Podocarpus pendulifolius,2006,R
Podocarpus pendulifolius,2007,EN
Podocarpus pendulifolius,2008,EN
Podocarpus pendulifolius,2009,EN
Podocarpus pendulifolius,2010,EN
Podocarpus pendulifolius,2011,EN
Podocarpus pendulifolius,2012,EN
Podocarpus pendulifolius,2013,EN
Podocarpus pendulifolius,2014,EN
Podocarpus pendulifolius,2015,EN
Oxyura maccoa,1998,LR/lc
Oxyura maccoa,1999,LR/lc
Oxyura maccoa,2000,LR/lc
Oxyura maccoa,2001,LR/lc
Oxyura maccoa,2002,LR/lc
Oxyura maccoa,2003,LR/lc
Oxyura maccoa,2004,LC
Oxyura maccoa,2005,LC
Oxyura maccoa,2006,LC
Oxyura maccoa,2007,NT
Oxyura maccoa,2008,NT
Oxyura maccoa,2009,NT
Oxyura maccoa,2010,NT
Oxyura maccoa,2011,NT
Oxyura maccoa,2012,NT
Oxyura maccoa,2013,NT
Oxyura maccoa,2014,NT
Oxyura maccoa,2015,NT
Gyps africanus,1998,LR/lc
Gyps africanus,1999,LR/lc
Gyps africanus,2000,LR/lc
Gyps africanus,2001,LR/lc
Gyps africanus,2002,LR/lc
Gyps africanus,2003,LR/lc
Gyps africanus,2004,LC
Gyps africanus,2005,LC
Gyps africanus,2006,LC
Gyps africanus,2007,NT
Gyps africanus,2008,NT
Gyps africanus,2009,NT
Gyps africanus,2010,NT
Gyps africanus,2011,NT
Gyps africanus,2012,EN
Gyps africanus,2013,EN
Gyps africanus,2014,EN
Gyps africanus,2015,CR
Podocarpus guatemalensis,1998,DD
Podocarpus guatemalensis,1999,DD
Podocarpus guatemalensis,2000,DD
Podocarpus guatemalensis,2001,DD
Podocarpus guatemalensis,2002,DD
Podocarpus guatemalensis,2003,DD
Podocarpus guatemalensis,2004,DD
Podocarpus guatemalensis,2005,DD
Podocarpus guatemalensis,2006,DD
Podocarpus guatemalensis,2007,LC
Podocarpus guatemalensis,2008,LC
Podocarpus guatemalensis,2009,LC
Podocarpus guatemalensis,2010,LC
Podocarpus guatemalensis,2011,LC
Podocarpus guatemalensis,2012,LC
Podocarpus guatemalensis,2013,LC
Podocarpus guatemalensis,2014,LC
Podocarpus guatemalensis,2015,LC
Francolinus streptophorus,1998,LR/lc
Francolinus streptophorus,1999,LR/lc
Francolinus streptophorus,2000,LR/lc
Francolinus streptophorus,2001,LR/lc
Francolinus streptophorus,2002,LR/lc
Francolinus streptophorus,2003,LR/lc
Francolinus streptophorus,2004,LC
Francolinus streptophorus,2005,LC
Francolinus streptophorus,2006,LC
Francolinus streptophorus,2007,NT
Francolinus streptophorus,2008,NT
Francolinus streptophorus,2009,NT
Francolinus streptophorus,2010,NT
Francolinus streptophorus,2011,NT
Francolinus streptophorus,2012,NT
Francolinus streptophorus,2013,NT
Francolinus streptophorus,2014,NT
Francolinus streptophorus,2015,NT
Pinus dalatensis,1998,EN
Pinus dalatensis,1999,EN
Pinus dalatensis,2000,EN
Pinus dalatensis,2001,EN
Pinus dalatensis,2002,EN
Pinus dalatensis,2003,EN
Pinus dalatensis,2004,EN
Pinus dalatensis,2005,EN
Pinus dalatensis,2006,EN
Pinus dalatensis,2007,DD
Pinus dalatensis,2008,DD
Pinus dalatensis,2009,DD
Pinus dalatensis,2010,DD
Pinus dalatensis,2011,DD
Pinus dalatensis,2012,DD
Pinus dalatensis,2013,NT
Pinus dalatensis,2014,NT
Pinus dalatensis,2015,NT
Labeo seeberi,1998,CR
Labeo seeberi,1999,CR
Labeo seeberi,2000,CR
Labeo seeberi,2001,CR
Labeo seeberi,2002,CR
Labeo seeberi,2003,CR
Labeo seeberi,2004,CR
Labeo seeberi,2005,CR
Labeo seeberi,2006,CR
Labeo seeberi,2007,EN
Labeo seeberi,2008,EN
Labeo seeberi,2009,EN
Labeo seeberi,2010,EN
Labeo seeberi,2011,EN
Labeo seeberi,2012,EN
Labeo seeberi,2013,EN
Labeo seeberi,2014,EN
Labeo seeberi,2015,CR
Charadrius sanctaehelenae,1998,EN
Charadrius sanctaehelenae,1999,EN
Charadrius sanctaehelenae,2000,EN
Charadrius sanctaehelenae,2001,EN
Charadrius sanctaehelenae,2002,EN
Charadrius sanctaehelenae,2003,EN
Charadrius sanctaehelenae,2004,VU
Charadrius sanctaehelenae,2005,VU
Charadrius sanctaehelenae,2006,VU
Charadrius sanctaehelenae,2007,CR
Charadrius sanctaehelenae,2008,CR
Charadrius sanctaehelenae,2009,CR
Charadrius sanctaehelenae,2010,CR
Charadrius sanctaehelenae,2011,CR
Charadrius sanctaehelenae,2012,CR
Charadrius sanctaehelenae,2013,CR
Charadrius sanctaehelenae,2014,CR
Charadrius sanctaehelenae,2015,CR
Ardea insignis,1998,EN
Ardea insignis,1999,EN
Ardea insignis,2000,EN
Ardea insignis,2001,EN
Ardea insignis,2002,EN
Ardea insignis,2003,EN
Ardea insignis,2004,EN
Ardea insignis,2005,EN
Ardea insignis,2006,EN
Ardea insignis,2007,CR
Ardea insignis,2008,CR
Ardea insignis,2009,CR
Ardea insignis,2010,CR
Ardea insignis,2011,CR
Ardea insignis,2012,CR
Ardea insignis,2013,CR
Ardea insignis,2014,CR
Ardea insignis,2015,CR
Afrocarpus usambarensis,1998,I
Afrocarpus usambarensis,1999,I
Afrocarpus usambarensis,2000,I
Afrocarpus usambarensis,2001,I
Afrocarpus usambarensis,2002,I
Afrocarpus usambarensis,2003,I
Afrocarpus usambarensis,2004,I
Afrocarpus usambarensis,2005,I
Afrocarpus usambarensis,2006,I
Afrocarpus usambarensis,2007,VU
Afrocarpus usambarensis,2008,VU
Afrocarpus usambarensis,2009,VU
Afrocarpus usambarensis,2010,VU
Afrocarpus usambarensis,2011,VU
Afrocarpus usambarensis,2012,VU
Afrocarpus usambarensis,2013,EN
Afrocarpus usambarensis,2014,EN
Afrocarpus usambarensis,2015,EN
Chetia brevis,1998,VU
Chetia brevis,1999,VU
Chetia brevis,2000,VU
Chetia brevis,2001,VU
Chetia brevis,2002,VU
Chetia brevis,2003,VU
Chetia brevis,2004,VU
Chetia brevis,2005,VU
Chetia brevis,2006,VU
Chetia brevis,2007,EN
Chetia brevis,2008,EN
Chetia brevis,2009,EN
Chetia brevis,2010,EN
Chetia brevis,2011,EN
Chetia brevis,2012,EN
Chetia brevis,2013,EN
Chetia brevis,2014,EN
Chetia brevis,2015,EN
Phoebastria irrorata,1998,LR/nt
Phoebastria irrorata,1999,LR/nt
Phoebastria irrorata,2000,VU
Phoebastria irrorata,2001,VU
Phoebastria irrorata,2002,VU
Phoebastria irrorata,2003,VU
Phoebastria irrorata,2004,VU
Phoebastria irrorata,2005,VU
Phoebastria irrorata,2006,VU
Phoebastria irrorata,2007,CR
Phoebastria irrorata,2008,CR
Phoebastria irrorata,2009,CR
Phoebastria irrorata,2010,CR
Phoebastria irrorata,2011,CR
Phoebastria irrorata,2012,CR
Phoebastria irrorata,2013,CR
Phoebastria irrorata,2014,CR
Phoebastria irrorata,2015,CR
Squatina aculeata,1998,NA
Squatina aculeata,1999,NA
Squatina aculeata,2000,NA
Squatina aculeata,2001,NA
Squatina aculeata,2002,NA
Squatina aculeata,2003,NA
Squatina aculeata,2004,NA
Squatina aculeata,2005,NA
Squatina aculeata,2006,EN
Squatina aculeata,2007,CR
Squatina aculeata,2008,CR
Squatina aculeata,2009,CR
Squatina aculeata,2010,CR
Squatina aculeata,2011,CR
Squatina aculeata,2012,CR
Squatina aculeata,2013,CR
Squatina aculeata,2014,CR
Squatina aculeata,2015,CR
Gypopsitta pyrilia,1998,LR/lc
Gypopsitta pyrilia,1999,LR/lc
Gypopsitta pyrilia,2000,VU
Gypopsitta pyrilia,2001,VU
Gypopsitta pyrilia,2002,VU
Gypopsitta pyrilia,2003,VU
Gypopsitta pyrilia,2004,VU
Gypopsitta pyrilia,2005,VU
Gypopsitta pyrilia,2006,VU
Gypopsitta pyrilia,2007,NT
Gypopsitta pyrilia,2008,NT
Gypopsitta pyrilia,2009,NT
Gypopsitta pyrilia,2010,NT
Gypopsitta pyrilia,2011,NT
Gypopsitta pyrilia,2012,NT
Gypopsitta pyrilia,2013,NT
Gypopsitta pyrilia,2014,NT
Gypopsitta pyrilia,2015,NT
Chiloglanis bifurcus,1998,CR
Chiloglanis bifurcus,1999,CR
Chiloglanis bifurcus,2000,CR
Chiloglanis bifurcus,2001,CR
Chiloglanis bifurcus,2002,CR
Chiloglanis bifurcus,2003,CR
Chiloglanis bifurcus,2004,CR
Chiloglanis bifurcus,2005,CR
Chiloglanis bifurcus,2006,CR
Chiloglanis bifurcus,2007,EN
Chiloglanis bifurcus,2008,EN
Chiloglanis bifurcus,2009,EN
Chiloglanis bifurcus,2010,EN
Chiloglanis bifurcus,2011,EN
Chiloglanis bifurcus,2012,EN
Chiloglanis bifurcus,2013,EN
Chiloglanis bifurcus,2014,EN
Chiloglanis bifurcus,2015,EN
Aspidoscelis hyperythra,1998,DD
Aspidoscelis hyperythra,1999,DD
Aspidoscelis hyperythra,2000,DD
Aspidoscelis hyperythra,2001,DD
Aspidoscelis hyperythra,2002,DD
Aspidoscelis hyperythra,2003,DD
Aspidoscelis hyperythra,2004,DD
Aspidoscelis hyperythra,2005,DD
Aspidoscelis hyperythra,2006,DD
Aspidoscelis hyperythra,2007,LC
Aspidoscelis hyperythra,2008,LC
Aspidoscelis hyperythra,2009,LC
Aspidoscelis hyperythra,2010,LC
Aspidoscelis hyperythra,2011,LC
Aspidoscelis hyperythra,2012,LC
Aspidoscelis hyperythra,2013,LC
Aspidoscelis hyperythra,2014,LC
Aspidoscelis hyperythra,2015,LC
Houbaropsis bengalensis,1998,EN
Houbaropsis bengalensis,1999,EN
Houbaropsis bengalensis,2000,EN
Houbaropsis bengalensis,2001,EN
Houbaropsis bengalensis,2002,EN
Houbaropsis bengalensis,2003,EN
Houbaropsis bengalensis,2004,EN
Houbaropsis bengalensis,2005,EN
Houbaropsis bengalensis,2006,EN
Houbaropsis bengalensis,2007,CR
Houbaropsis bengalensis,2008,CR
Houbaropsis bengalensis,2009,CR
Houbaropsis bengalensis,2010,CR
Houbaropsis bengalensis,2011,CR
Houbaropsis bengalensis,2012,CR
Houbaropsis bengalensis,2013,CR
Houbaropsis bengalensis,2014,CR
Houbaropsis bengalensis,2015,CR
Enallagma recurvatum,1998,VU
Enallagma recurvatum,1999,VU
Enallagma recurvatum,2000,VU
Enallagma recurvatum,2001,VU
Enallagma recurvatum,2002,VU
Enallagma recurvatum,2003,VU
Enallagma recurvatum,2004,VU
Enallagma recurvatum,2005,VU
Enallagma recurvatum,2006,VU
Enallagma recurvatum,2007,LC
Enallagma recurvatum,2008,LC
Enallagma recurvatum,2009,NT
Enallagma recurvatum,2010,NT
Enallagma recurvatum,2011,NT
Enallagma recurvatum,2012,NT
Enallagma recurvatum,2013,NT
Enallagma recurvatum,2014,NT
Enallagma recurvatum,2015,NT
Cromileptes altivelis,1998,NA
Cromileptes altivelis,1999,NA
Cromileptes altivelis,2000,DD
Cromileptes altivelis,2001,DD
Cromileptes altivelis,2002,DD
Cromileptes altivelis,2003,DD
Cromileptes altivelis,2004,DD
Cromileptes altivelis,2005,DD
Cromileptes altivelis,2006,DD
Cromileptes altivelis,2007,VU
Cromileptes altivelis,2008,VU
Cromileptes altivelis,2009,VU
Cromileptes altivelis,2010,VU
Cromileptes altivelis,2011,VU
Cromileptes altivelis,2012,VU
Cromileptes altivelis,2013,VU
Cromileptes altivelis,2014,VU
Cromileptes altivelis,2015,VU
Gazella spekei,1998,VU
Gazella spekei,1999,VU
Gazella spekei,2000,VU
Gazella spekei,2001,VU
Gazella spekei,2002,VU
Gazella spekei,2003,VU
Gazella spekei,2004,VU
Gazella spekei,2005,VU
Gazella spekei,2006,VU
Gazella spekei,2007,EN
Gazella spekei,2008,EN
Gazella spekei,2009,EN
Gazella spekei,2010,EN
Gazella spekei,2011,EN
Gazella spekei,2012,EN
Gazella spekei,2013,EN
Gazella spekei,2014,EN
Gazella spekei,2015,EN
Biomphalaria salinarum,1998,LR/nt
Biomphalaria salinarum,1999,LR/nt
Biomphalaria salinarum,2000,LR/nt
Biomphalaria salinarum,2001,LR/nt
Biomphalaria salinarum,2002,LR/nt
Biomphalaria salinarum,2003,LR/nt
Biomphalaria salinarum,2004,LR/nt
Biomphalaria salinarum,2005,LR/nt
Biomphalaria salinarum,2006,LR/nt
Biomphalaria salinarum,2007,DD
Biomphalaria salinarum,2008,DD
Biomphalaria salinarum,2009,DD
Biomphalaria salinarum,2010,DD
Biomphalaria salinarum,2011,DD
Biomphalaria salinarum,2012,DD
Biomphalaria salinarum,2013,DD
Biomphalaria salinarum,2014,DD
Biomphalaria salinarum,2015,DD
Pseudobarbus asper,1998,VU
Pseudobarbus asper,1999,VU
Pseudobarbus asper,2000,VU
Pseudobarbus asper,2001,VU
Pseudobarbus asper,2002,VU
Pseudobarbus asper,2003,VU
Pseudobarbus asper,2004,VU
Pseudobarbus asper,2005,VU
Pseudobarbus asper,2006,VU
Pseudobarbus asper,2007,EN
Pseudobarbus asper,2008,EN
Pseudobarbus asper,2009,EN
Pseudobarbus asper,2010,EN
Pseudobarbus asper,2011,EN
Pseudobarbus asper,2012,EN
Pseudobarbus asper,2013,EN
Pseudobarbus asper,2014,EN
Pseudobarbus asper,2015,EN
Lanistes neavei,1998,VU
Lanistes neavei,1999,VU
Lanistes neavei,2000,VU
Lanistes neavei,2001,VU
Lanistes neavei,2002,VU
Lanistes neavei,2003,VU
Lanistes neavei,2004,VU
Lanistes neavei,2005,VU
Lanistes neavei,2006,VU
Lanistes neavei,2007,LC
Lanistes neavei,2008,LC
Lanistes neavei,2009,LC
Lanistes neavei,2010,LC
Lanistes neavei,2011,LC
Lanistes neavei,2012,LC
Lanistes neavei,2013,LC
Lanistes neavei,2014,LC
Lanistes neavei,2015,LC
Sphyrna mokarran,1998,NA
Sphyrna mokarran,1999,NA
Sphyrna mokarran,2000,DD
Sphyrna mokarran,2001,DD
Sphyrna mokarran,2002,DD
Sphyrna mokarran,2003,DD
Sphyrna mokarran,2004,DD
Sphyrna mokarran,2005,DD
Sphyrna mokarran,2006,DD
Sphyrna mokarran,2007,EN
Sphyrna mokarran,2008,EN
Sphyrna mokarran,2009,EN
Sphyrna mokarran,2010,EN
Sphyrna mokarran,2011,EN
Sphyrna mokarran,2012,EN
Sphyrna mokarran,2013,EN
Sphyrna mokarran,2014,EN
Sphyrna mokarran,2015,EN
Planilaoma luckmanii,1998,DD
Planilaoma luckmanii,1999,DD
Planilaoma luckmanii,2000,DD
Planilaoma luckmanii,2001,DD
Planilaoma luckmanii,2002,DD
Planilaoma luckmanii,2003,DD
Planilaoma luckmanii,2004,DD
Planilaoma luckmanii,2005,DD
Planilaoma luckmanii,2006,DD
Planilaoma luckmanii,2007,LC
Planilaoma luckmanii,2008,LC
Planilaoma luckmanii,2009,LC
Planilaoma luckmanii,2010,LC
Planilaoma luckmanii,2011,LC
Planilaoma luckmanii,2012,LC
Planilaoma luckmanii,2013,LC
Planilaoma luckmanii,2014,LC
Planilaoma luckmanii,2015,LC
Gorilla gorilla,1998,EN
Gorilla gorilla,1999,EN
Gorilla gorilla,2000,EN
Gorilla gorilla,2001,EN
Gorilla gorilla,2002,EN
Gorilla gorilla,2003,EN
Gorilla gorilla,2004,EN
Gorilla gorilla,2005,EN
Gorilla gorilla,2006,EN
Gorilla gorilla,2007,CR
Gorilla gorilla,2008,CR
Gorilla gorilla,2009,CR
Gorilla gorilla,2010,CR
Gorilla gorilla,2011,CR
Gorilla gorilla,2012,CR
Gorilla gorilla,2013,CR
Gorilla gorilla,2014,CR
Gorilla gorilla,2015,CR
Microbiota decussata,1998,I
Microbiota decussata,1999,I
Microbiota decussata,2000,I
Microbiota decussata,2001,I
Microbiota decussata,2002,I
Microbiota decussata,2003,I
Microbiota decussata,2004,I
Microbiota decussata,2005,I
Microbiota decussata,2006,I
Microbiota decussata,2007,LC
Microbiota decussata,2008,LC
Microbiota decussata,2009,LC
Microbiota decussata,2010,LC
Microbiota decussata,2011,LC
Microbiota decussata,2012,LC
Microbiota decussata,2013,LC
Microbiota decussata,2014,LC
Microbiota decussata,2015,LC
Galaxias zebratus,1998,LR/nt
Galaxias zebratus,1999,LR/nt
Galaxias zebratus,2000,LR/nt
Galaxias zebratus,2001,LR/nt
Galaxias zebratus,2002,LR/nt
Galaxias zebratus,2003,LR/nt
Galaxias zebratus,2004,LR/nt
Galaxias zebratus,2005,LR/nt
Galaxias zebratus,2006,LR/nt
Galaxias zebratus,2007,DD
Galaxias zebratus,2008,DD
Galaxias zebratus,2009,DD
Galaxias zebratus,2010,DD
Galaxias zebratus,2011,DD
Galaxias zebratus,2012,DD
Galaxias zebratus,2013,DD
Galaxias zebratus,2014,DD
Galaxias zebratus,2015,DD
Squatina oculata,1998,NA
Squatina oculata,1999,NA
Squatina oculata,2000,NA
Squatina oculata,2001,NA
Squatina oculata,2002,NA
Squatina oculata,2003,NA
Squatina oculata,2004,NA
Squatina oculata,2005,NA
Squatina oculata,2006,EN
Squatina oculata,2007,CR
Squatina oculata,2008,CR
Squatina oculata,2009,CR
Squatina oculata,2010,CR
Squatina oculata,2011,CR
Squatina oculata,2012,CR
Squatina oculata,2013,CR
Squatina oculata,2014,CR
Squatina oculata,2015,CR
Macronectes giganteus,1998,LR/lc
Macronectes giganteus,1999,LR/lc
Macronectes giganteus,2000,VU
Macronectes giganteus,2001,VU
Macronectes giganteus,2002,VU
Macronectes giganteus,2003,VU
Macronectes giganteus,2004,VU
Macronectes giganteus,2005,VU
Macronectes giganteus,2006,VU
Macronectes giganteus,2007,NT
Macronectes giganteus,2008,NT
Macronectes giganteus,2009,LC
Macronectes giganteus,2010,LC
Macronectes giganteus,2011,LC
Macronectes giganteus,2012,LC
Macronectes giganteus,2013,LC
Macronectes giganteus,2014,LC
Macronectes giganteus,2015,LC
Gomphus sandrius,1998,EN
Gomphus sandrius,1999,EN
Gomphus sandrius,2000,EN
Gomphus sandrius,2001,EN
Gomphus sandrius,2002,EN
Gomphus sandrius,2003,EN
Gomphus sandrius,2004,EN
Gomphus sandrius,2005,EN
Gomphus sandrius,2006,EN
Gomphus sandrius,2007,VU
Gomphus sandrius,2008,VU
Gomphus sandrius,2009,VU
Gomphus sandrius,2010,VU
Gomphus sandrius,2011,VU
Gomphus sandrius,2012,VU
Gomphus sandrius,2013,VU
Gomphus sandrius,2014,VU
Gomphus sandrius,2015,VU
Podocarpus dispermus,1998,R
Podocarpus dispermus,1999,R
Podocarpus dispermus,2000,R
Podocarpus dispermus,2001,R
Podocarpus dispermus,2002,R
Podocarpus dispermus,2003,R
Podocarpus dispermus,2004,R
Podocarpus dispermus,2005,R
Podocarpus dispermus,2006,R
Podocarpus dispermus,2007,NT
Podocarpus dispermus,2008,NT
Podocarpus dispermus,2009,NT
Podocarpus dispermus,2010,NT
Podocarpus dispermus,2011,NT
Podocarpus dispermus,2012,NT
Podocarpus dispermus,2013,LC
Podocarpus dispermus,2014,LC
Podocarpus dispermus,2015,LC
Thamnophis hammondii,1998,DD
Thamnophis hammondii,1999,DD
Thamnophis hammondii,2000,DD
Thamnophis hammondii,2001,DD
Thamnophis hammondii,2002,DD
Thamnophis hammondii,2003,DD
Thamnophis hammondii,2004,DD
Thamnophis hammondii,2005,DD
Thamnophis hammondii,2006,DD
Thamnophis hammondii,2007,LC
Thamnophis hammondii,2008,LC
Thamnophis hammondii,2009,LC
Thamnophis hammondii,2010,LC
Thamnophis hammondii,2011,LC
Thamnophis hammondii,2012,LC
Thamnophis hammondii,2013,LC
Thamnophis hammondii,2014,LC
Thamnophis hammondii,2015,LC
Anoglypta launcestonensis,1998,VU
Anoglypta launcestonensis,1999,VU
Anoglypta launcestonensis,2000,VU
Anoglypta launcestonensis,2001,VU
Anoglypta launcestonensis,2002,VU
Anoglypta launcestonensis,2003,VU
Anoglypta launcestonensis,2004,VU
Anoglypta launcestonensis,2005,VU
Anoglypta launcestonensis,2006,VU
Anoglypta launcestonensis,2007,NT
Anoglypta launcestonensis,2008,NT
Anoglypta launcestonensis,2009,NT
Anoglypta launcestonensis,2010,NT
Anoglypta launcestonensis,2011,NT
Anoglypta launcestonensis,2012,NT
Anoglypta launcestonensis,2013,NT
Anoglypta launcestonensis,2014,NT
Anoglypta launcestonensis,2015,NT
Eurystomus azureus,1998,LR/lc
Eurystomus azureus,1999,LR/lc
Eurystomus azureus,2000,VU
Eurystomus azureus,2001,VU
Eurystomus azureus,2002,VU
Eurystomus azureus,2003,VU
Eurystomus azureus,2004,VU
Eurystomus azureus,2005,VU
Eurystomus azureus,2006,VU
Eurystomus azureus,2007,NT
Eurystomus azureus,2008,NT
Eurystomus azureus,2009,NT
Eurystomus azureus,2010,NT
Eurystomus azureus,2011,NT
Eurystomus azureus,2012,NT
Eurystomus azureus,2013,NT
Eurystomus azureus,2014,NT
Eurystomus azureus,2015,NT
Squatina guggenheim,1998,NA
Squatina guggenheim,1999,NA
Squatina guggenheim,2000,VU
Squatina guggenheim,2001,VU
Squatina guggenheim,2002,VU
Squatina guggenheim,2003,VU
Squatina guggenheim,2004,VU
Squatina guggenheim,2005,VU
Squatina guggenheim,2006,VU
Squatina guggenheim,2007,EN
Squatina guggenheim,2008,EN
Squatina guggenheim,2009,EN
Squatina guggenheim,2010,EN
Squatina guggenheim,2011,EN
Squatina guggenheim,2012,EN
Squatina guggenheim,2013,EN
Squatina guggenheim,2014,EN
Squatina guggenheim,2015,EN
Brachypteryx hyperythra,1998,VU
Brachypteryx hyperythra,1999,VU
Brachypteryx hyperythra,2000,VU
Brachypteryx hyperythra,2001,VU
Brachypteryx hyperythra,2002,VU
Brachypteryx hyperythra,2003,VU
Brachypteryx hyperythra,2004,VU
Brachypteryx hyperythra,2005,VU
Brachypteryx hyperythra,2006,VU
Brachypteryx hyperythra,2007,NT
Brachypteryx hyperythra,2008,NT
Brachypteryx hyperythra,2009,NT
Brachypteryx hyperythra,2010,NT
Brachypteryx hyperythra,2011,NT
Brachypteryx hyperythra,2012,NT
Brachypteryx hyperythra,2013,NT
Brachypteryx hyperythra,2014,NT
Brachypteryx hyperythra,2015,NT
Africallagma cuneistigma,1998,NA
Africallagma cuneistigma,1999,NA
Africallagma cuneistigma,2000,NA
Africallagma cuneistigma,2001,NA
Africallagma cuneistigma,2002,NA
Africallagma cuneistigma,2003,NA
Africallagma cuneistigma,2004,NA
Africallagma cuneistigma,2005,NA
Africallagma cuneistigma,2006,EN
Africallagma cuneistigma,2007,VU
Africallagma cuneistigma,2008,VU
Africallagma cuneistigma,2009,VU
Africallagma cuneistigma,2010,VU
Africallagma cuneistigma,2011,VU
Africallagma cuneistigma,2012,VU
Africallagma cuneistigma,2013,VU
Africallagma cuneistigma,2014,VU
Africallagma cuneistigma,2015,VU
Podocarpus borneensis,1998,R
Podocarpus borneensis,1999,R
Podocarpus borneensis,2000,R
Podocarpus borneensis,2001,R
Podocarpus borneensis,2002,R
Podocarpus borneensis,2003,R
Podocarpus borneensis,2004,R
Podocarpus borneensis,2005,R
Podocarpus borneensis,2006,R
Podocarpus borneensis,2007,LC
Podocarpus borneensis,2008,LC
Podocarpus borneensis,2009,LC
Podocarpus borneensis,2010,LC
Podocarpus borneensis,2011,LC
Podocarpus borneensis,2012,LC
Podocarpus borneensis,2013,LC
Podocarpus borneensis,2014,LC
Podocarpus borneensis,2015,LC
Sandelia capensis,1998,LR/lc
Sandelia capensis,1999,LR/lc
Sandelia capensis,2000,LR/lc
Sandelia capensis,2001,LR/lc
Sandelia capensis,2002,LR/lc
Sandelia capensis,2003,LR/lc
Sandelia capensis,2004,LR/lc
Sandelia capensis,2005,LR/lc
Sandelia capensis,2006,LR/lc
Sandelia capensis,2007,DD
Sandelia capensis,2008,DD
Sandelia capensis,2009,DD
Sandelia capensis,2010,DD
Sandelia capensis,2011,DD
Sandelia capensis,2012,DD
Sandelia capensis,2013,DD
Sandelia capensis,2014,DD
Sandelia capensis,2015,DD
Ecchlorolestes nylephtha,1998,LR/nt
Ecchlorolestes nylephtha,1999,LR/nt
Ecchlorolestes nylephtha,2000,LR/nt
Ecchlorolestes nylephtha,2001,LR/nt
Ecchlorolestes nylephtha,2002,LR/nt
Ecchlorolestes nylephtha,2003,LR/nt
Ecchlorolestes nylephtha,2004,LC
Ecchlorolestes nylephtha,2005,LC
Ecchlorolestes nylephtha,2006,LC
Ecchlorolestes nylephtha,2007,NT
Ecchlorolestes nylephtha,2008,NT
Ecchlorolestes nylephtha,2009,NT
Ecchlorolestes nylephtha,2010,NT
Ecchlorolestes nylephtha,2011,NT
Ecchlorolestes nylephtha,2012,NT
Ecchlorolestes nylephtha,2013,NT
Ecchlorolestes nylephtha,2014,NT
Ecchlorolestes nylephtha,2015,NT
Podocarpus atjehensis,1998,R
Podocarpus atjehensis,1999,R
Podocarpus atjehensis,2000,R
Podocarpus atjehensis,2001,R
Podocarpus atjehensis,2002,R
Podocarpus atjehensis,2003,R
Podocarpus atjehensis,2004,R
Podocarpus atjehensis,2005,R
Podocarpus atjehensis,2006,R
Podocarpus atjehensis,2007,NT
Podocarpus atjehensis,2008,NT
Podocarpus atjehensis,2009,NT
Podocarpus atjehensis,2010,NT
Podocarpus atjehensis,2011,NT
Podocarpus atjehensis,2012,NT
Podocarpus atjehensis,2013,NT
Podocarpus atjehensis,2014,NT
Podocarpus atjehensis,2015,NT
Sheppardia gunningi,1998,VU
Sheppardia gunningi,1999,VU
Sheppardia gunningi,2000,VU
Sheppardia gunningi,2001,VU
Sheppardia gunningi,2002,VU
Sheppardia gunningi,2003,VU
Sheppardia gunningi,2004,VU
Sheppardia gunningi,2005,VU
Sheppardia gunningi,2006,VU
Sheppardia gunningi,2007,NT
Sheppardia gunningi,2008,NT
Sheppardia gunningi,2009,NT
Sheppardia gunningi,2010,NT
Sheppardia gunningi,2011,NT
Sheppardia gunningi,2012,NT
Sheppardia gunningi,2013,NT
Sheppardia gunningi,2014,NT
Sheppardia gunningi,2015,NT
Cephalophus spadix,1998,VU
Cephalophus spadix,1999,VU
Cephalophus spadix,2000,VU
Cephalophus spadix,2001,VU
Cephalophus spadix,2002,VU
Cephalophus spadix,2003,VU
Cephalophus spadix,2004,VU
Cephalophus spadix,2005,VU
Cephalophus spadix,2006,VU
Cephalophus spadix,2007,EN
Cephalophus spadix,2008,EN
Cephalophus spadix,2009,EN
Cephalophus spadix,2010,EN
Cephalophus spadix,2011,EN
Cephalophus spadix,2012,EN
Cephalophus spadix,2013,EN
Cephalophus spadix,2014,EN
Cephalophus spadix,2015,EN
Metacnemis angusta,1998,DD
Metacnemis angusta,1999,DD
Metacnemis angusta,2000,DD
Metacnemis angusta,2001,DD
Metacnemis angusta,2002,DD
Metacnemis angusta,2003,DD
Metacnemis angusta,2004,DD
Metacnemis angusta,2005,DD
Metacnemis angusta,2006,DD
Metacnemis angusta,2007,VU
Metacnemis angusta,2008,VU
Metacnemis angusta,2009,VU
Metacnemis angusta,2010,VU
Metacnemis angusta,2011,VU
Metacnemis angusta,2012,VU
Metacnemis angusta,2013,VU
Metacnemis angusta,2014,VU
Metacnemis angusta,2015,VU
Kinosternon oaxacae,1998,LR/nt
Kinosternon oaxacae,1999,LR/nt
Kinosternon oaxacae,2000,LR/nt
Kinosternon oaxacae,2001,LR/nt
Kinosternon oaxacae,2002,LR/nt
Kinosternon oaxacae,2003,LR/nt
Kinosternon oaxacae,2004,LR/nt
Kinosternon oaxacae,2005,LR/nt
Kinosternon oaxacae,2006,LR/nt
Kinosternon oaxacae,2007,DD
Kinosternon oaxacae,2008,DD
Kinosternon oaxacae,2009,DD
Kinosternon oaxacae,2010,DD
Kinosternon oaxacae,2011,DD
Kinosternon oaxacae,2012,DD
Kinosternon oaxacae,2013,DD
Kinosternon oaxacae,2014,DD
Kinosternon oaxacae,2015,DD
Nothobranchius kafuensis,1998,EN
Nothobranchius kafuensis,1999,EN
Nothobranchius kafuensis,2000,EN
Nothobranchius kafuensis,2001,EN
Nothobranchius kafuensis,2002,EN
Nothobranchius kafuensis,2003,EN
Nothobranchius kafuensis,2004,EN
Nothobranchius kafuensis,2005,EN
Nothobranchius kafuensis,2006,EN
Nothobranchius kafuensis,2007,LC
Nothobranchius kafuensis,2008,LC
Nothobranchius kafuensis,2009,LC
Nothobranchius kafuensis,2010,LC
Nothobranchius kafuensis,2011,LC
Nothobranchius kafuensis,2012,LC
Nothobranchius kafuensis,2013,LC
Nothobranchius kafuensis,2014,LC
Nothobranchius kafuensis,2015,LC
Falcatifolium sleumeri,1998,DD
Falcatifolium sleumeri,1999,DD
Falcatifolium sleumeri,2000,DD
Falcatifolium sleumeri,2001,DD
Falcatifolium sleumeri,2002,DD
Falcatifolium sleumeri,2003,DD
Falcatifolium sleumeri,2004,DD
Falcatifolium sleumeri,2005,DD
Falcatifolium sleumeri,2006,DD
Falcatifolium sleumeri,2007,NT
Falcatifolium sleumeri,2008,NT
Falcatifolium sleumeri,2009,NT
Falcatifolium sleumeri,2010,NT
Falcatifolium sleumeri,2011,NT
Falcatifolium sleumeri,2012,NT
Falcatifolium sleumeri,2013,NT
Falcatifolium sleumeri,2014,NT
Falcatifolium sleumeri,2015,NT
Ficedula henrici,1998,VU
Ficedula henrici,1999,VU
Ficedula henrici,2000,VU
Ficedula henrici,2001,VU
Ficedula henrici,2002,VU
Ficedula henrici,2003,VU
Ficedula henrici,2004,VU
Ficedula henrici,2005,VU
Ficedula henrici,2006,VU
Ficedula henrici,2007,NT
Ficedula henrici,2008,NT
Ficedula henrici,2009,NT
Ficedula henrici,2010,NT
Ficedula henrici,2011,NT
Ficedula henrici,2012,NT
Ficedula henrici,2013,NT
Ficedula henrici,2014,NT
Ficedula henrici,2015,NT
Neophron percnopterus,1998,LR/lc
Neophron percnopterus,1999,LR/lc
Neophron percnopterus,2000,LR/lc
Neophron percnopterus,2001,LR/lc
Neophron percnopterus,2002,LR/lc
Neophron percnopterus,2003,LR/lc
Neophron percnopterus,2004,LC
Neophron percnopterus,2005,LC
Neophron percnopterus,2006,LC
Neophron percnopterus,2007,EN
Neophron percnopterus,2008,EN
Neophron percnopterus,2009,EN
Neophron percnopterus,2010,EN
Neophron percnopterus,2011,EN
Neophron percnopterus,2012,EN
Neophron percnopterus,2013,EN
Neophron percnopterus,2014,EN
Neophron percnopterus,2015,EN
Siphonorhis brewsteri,1998,LR/nt
Siphonorhis brewsteri,1999,LR/nt
Siphonorhis brewsteri,2000,DD
Siphonorhis brewsteri,2001,DD
Siphonorhis brewsteri,2002,DD
Siphonorhis brewsteri,2003,DD
Siphonorhis brewsteri,2004,DD
Siphonorhis brewsteri,2005,DD
Siphonorhis brewsteri,2006,DD
Siphonorhis brewsteri,2007,NT
Siphonorhis brewsteri,2008,NT
Siphonorhis brewsteri,2009,NT
Siphonorhis brewsteri,2010,NT
Siphonorhis brewsteri,2011,NT
Siphonorhis brewsteri,2012,NT
Siphonorhis brewsteri,2013,NT
Siphonorhis brewsteri,2014,NT
Siphonorhis brewsteri,2015,NT
Notogomphus zernyi,1998,NA
Notogomphus zernyi,1999,NA
Notogomphus zernyi,2000,NA
Notogomphus zernyi,2001,NA
Notogomphus zernyi,2002,NA
Notogomphus zernyi,2003,NA
Notogomphus zernyi,2004,NA
Notogomphus zernyi,2005,NA
Notogomphus zernyi,2006,LC
Notogomphus zernyi,2007,DD
Notogomphus zernyi,2008,DD
Notogomphus zernyi,2009,DD
Notogomphus zernyi,2010,LC
Notogomphus zernyi,2011,LC
Notogomphus zernyi,2012,LC
Notogomphus zernyi,2013,LC
Notogomphus zernyi,2014,LC
Notogomphus zernyi,2015,LC
Pila occidentalis,1998,LR/nt
Pila occidentalis,1999,LR/nt
Pila occidentalis,2000,LR/nt
Pila occidentalis,2001,LR/nt
Pila occidentalis,2002,LR/nt
Pila occidentalis,2003,LR/nt
Pila occidentalis,2004,LR/nt
Pila occidentalis,2005,LR/nt
Pila occidentalis,2006,LR/nt
Pila occidentalis,2007,LC
Pila occidentalis,2008,LC
Pila occidentalis,2009,LC
Pila occidentalis,2010,LC
Pila occidentalis,2011,LC
Pila occidentalis,2012,LC
Pila occidentalis,2013,LC
Pila occidentalis,2014,LC
Pila occidentalis,2015,LC
Procapra picticaudata,1998,LR/nt
Procapra picticaudata,1999,LR/nt
Procapra picticaudata,2000,LR/nt
Procapra picticaudata,2001,LR/nt
Procapra picticaudata,2002,LR/nt
Procapra picticaudata,2003,LC
Procapra picticaudata,2004,LC
Procapra picticaudata,2005,LC
Procapra picticaudata,2006,LC
Procapra picticaudata,2007,NT
Procapra picticaudata,2008,NT
Procapra picticaudata,2009,NT
Procapra picticaudata,2010,NT
Procapra picticaudata,2011,NT
Procapra picticaudata,2012,NT
Procapra picticaudata,2013,NT
Procapra picticaudata,2014,NT
Procapra picticaudata,2015,NT
Charadrius pallidus,1998,LR/lc
Charadrius pallidus,1999,LR/lc
Charadrius pallidus,2000,LR/lc
Charadrius pallidus,2001,LR/lc
Charadrius pallidus,2002,LR/lc
Charadrius pallidus,2003,LR/lc
Charadrius pallidus,2004,LC
Charadrius pallidus,2005,LC
Charadrius pallidus,2006,LC
Charadrius pallidus,2007,NT
Charadrius pallidus,2008,NT
Charadrius pallidus,2009,NT
Charadrius pallidus,2010,NT
Charadrius pallidus,2011,NT
Charadrius pallidus,2012,NT
Charadrius pallidus,2013,NT
Charadrius pallidus,2014,NT
Charadrius pallidus,2015,NT
Austroglanis barnardi,1998,CR
Austroglanis barnardi,1999,CR
Austroglanis barnardi,2000,CR
Austroglanis barnardi,2001,CR
Austroglanis barnardi,2002,CR
Austroglanis barnardi,2003,CR
Austroglanis barnardi,2004,CR
Austroglanis barnardi,2005,CR
Austroglanis barnardi,2006,CR
Austroglanis barnardi,2007,EN
Austroglanis barnardi,2008,EN
Austroglanis barnardi,2009,EN
Austroglanis barnardi,2010,EN
Austroglanis barnardi,2011,EN
Austroglanis barnardi,2012,EN
Austroglanis barnardi,2013,EN
Austroglanis barnardi,2014,EN
Austroglanis barnardi,2015,EN
Ischnura gemina,1998,EN
Ischnura gemina,1999,EN
Ischnura gemina,2000,EN
Ischnura gemina,2001,EN
Ischnura gemina,2002,EN
Ischnura gemina,2003,EN
Ischnura gemina,2004,EN
Ischnura gemina,2005,EN
Ischnura gemina,2006,EN
Ischnura gemina,2007,VU
Ischnura gemina,2008,VU
Ischnura gemina,2009,VU
Ischnura gemina,2010,VU
Ischnura gemina,2011,VU
Ischnura gemina,2012,VU
Ischnura gemina,2013,VU
Ischnura gemina,2014,VU
Ischnura gemina,2015,VU
Mycteroperca jordani,1998,VU
Mycteroperca jordani,1999,VU
Mycteroperca jordani,2000,VU
Mycteroperca jordani,2001,VU
Mycteroperca jordani,2002,VU
Mycteroperca jordani,2003,VU
Mycteroperca jordani,2004,VU
Mycteroperca jordani,2005,VU
Mycteroperca jordani,2006,VU
Mycteroperca jordani,2007,EN
Mycteroperca jordani,2008,EN
Mycteroperca jordani,2009,EN
Mycteroperca jordani,2010,EN
Mycteroperca jordani,2011,EN
Mycteroperca jordani,2012,EN
Mycteroperca jordani,2013,EN
Mycteroperca jordani,2014,EN
Mycteroperca jordani,2015,EN
Aythya innotata,1998,CR
Aythya innotata,1999,CR
Aythya innotata,2000,CR
Aythya innotata,2001,CR
Aythya innotata,2002,CR
Aythya innotata,2003,CR
Aythya innotata,2004,CR
Aythya innotata,2005,CR
Aythya innotata,2006,CR
Aythya innotata,2007,CR
Aythya innotata,2008,CR
Aythya innotata,2009,CR
Aythya innotata,2010,CR
Aythya innotata,2011,CR
Aythya innotata,2012,CR
Aythya innotata,2013,CR
Aythya innotata,2014,CR
Aythya innotata,2015,CR
Nothobranchius orthonotus,1998,NA
Nothobranchius orthonotus,1999,NA
Nothobranchius orthonotus,2000,NA
Nothobranchius orthonotus,2001,NA
Nothobranchius orthonotus,2002,NA
Nothobranchius orthonotus,2003,NA
Nothobranchius orthonotus,2004,NA
Nothobranchius orthonotus,2005,NA
Nothobranchius orthonotus,2006,VU
Nothobranchius orthonotus,2007,LC
Nothobranchius orthonotus,2008,LC
Nothobranchius orthonotus,2009,LC
Nothobranchius orthonotus,2010,LC
Nothobranchius orthonotus,2011,LC
Nothobranchius orthonotus,2012,LC
Nothobranchius orthonotus,2013,LC
Nothobranchius orthonotus,2014,LC
Nothobranchius orthonotus,2015,LC
Discocharopa mimosa,1998,DD
Discocharopa mimosa,1999,DD
Discocharopa mimosa,2000,DD
Discocharopa mimosa,2001,DD
Discocharopa mimosa,2002,DD
Discocharopa mimosa,2003,DD
Discocharopa mimosa,2004,DD
Discocharopa mimosa,2005,DD
Discocharopa mimosa,2006,DD
Discocharopa mimosa,2007,LC
Discocharopa mimosa,2008,LC
Discocharopa mimosa,2009,LC
Discocharopa mimosa,2010,LC
Discocharopa mimosa,2011,LC
Discocharopa mimosa,2012,LC
Discocharopa mimosa,2013,LC
Discocharopa mimosa,2014,LC
Discocharopa mimosa,2015,LC
Pseudobarbus quathlambae,1998,CR
Pseudobarbus quathlambae,1999,CR
Pseudobarbus quathlambae,2000,CR
Pseudobarbus quathlambae,2001,CR
Pseudobarbus quathlambae,2002,CR
Pseudobarbus quathlambae,2003,CR
Pseudobarbus quathlambae,2004,CR
Pseudobarbus quathlambae,2005,CR
Pseudobarbus quathlambae,2006,CR
Pseudobarbus quathlambae,2007,EN
Pseudobarbus quathlambae,2008,EN
Pseudobarbus quathlambae,2009,EN
Pseudobarbus quathlambae,2010,EN
Pseudobarbus quathlambae,2011,EN
Pseudobarbus quathlambae,2012,EN
Pseudobarbus quathlambae,2013,EN
Pseudobarbus quathlambae,2014,EN
Pseudobarbus quathlambae,2015,EN
Gallicolumba crinigera,1998,VU
Gallicolumba crinigera,1999,VU
Gallicolumba crinigera,2000,EN
Gallicolumba crinigera,2001,EN
Gallicolumba crinigera,2002,EN
Gallicolumba crinigera,2003,EN
Gallicolumba crinigera,2004,EN
Gallicolumba crinigera,2005,EN
Gallicolumba crinigera,2006,EN
Gallicolumba crinigera,2007,VU
Gallicolumba crinigera,2008,VU
Gallicolumba crinigera,2009,VU
Gallicolumba crinigera,2010,VU
Gallicolumba crinigera,2011,VU
Gallicolumba crinigera,2012,VU
Gallicolumba crinigera,2013,VU
Gallicolumba crinigera,2014,VU
Gallicolumba crinigera,2015,VU
Podocarpus lambertii,1998,NA
Podocarpus lambertii,1999,NA
Podocarpus lambertii,2000,NA
Podocarpus lambertii,2001,NA
Podocarpus lambertii,2002,DD
Podocarpus lambertii,2003,DD
Podocarpus lambertii,2004,DD
Podocarpus lambertii,2005,DD
Podocarpus lambertii,2006,DD
Podocarpus lambertii,2007,NT
Podocarpus lambertii,2008,NT
Podocarpus lambertii,2009,NT
Podocarpus lambertii,2010,NT
Podocarpus lambertii,2011,NT
Podocarpus lambertii,2012,NT
Podocarpus lambertii,2013,NT
Podocarpus lambertii,2014,NT
Podocarpus lambertii,2015,NT
Podocarpus acuminatus,1998,DD
Podocarpus acuminatus,1999,DD
Podocarpus acuminatus,2000,DD
Podocarpus acuminatus,2001,DD
Podocarpus acuminatus,2002,DD
Podocarpus acuminatus,2003,DD
Podocarpus acuminatus,2004,DD
Podocarpus acuminatus,2005,DD
Podocarpus acuminatus,2006,DD
Podocarpus acuminatus,2007,NT
Podocarpus acuminatus,2008,NT
Podocarpus acuminatus,2009,NT
Podocarpus acuminatus,2010,NT
Podocarpus acuminatus,2011,NT
Podocarpus acuminatus,2012,NT
Podocarpus acuminatus,2013,NT
Podocarpus acuminatus,2014,NT
Podocarpus acuminatus,2015,NT
Biomphalaria angulosa,1998,LR/nt
Biomphalaria angulosa,1999,LR/nt
Biomphalaria angulosa,2000,LR/nt
Biomphalaria angulosa,2001,LR/nt
Biomphalaria angulosa,2002,LR/nt
Biomphalaria angulosa,2003,LR/nt
Biomphalaria angulosa,2004,LR/nt
Biomphalaria angulosa,2005,LR/nt
Biomphalaria angulosa,2006,LR/nt
Biomphalaria angulosa,2007,LC
Biomphalaria angulosa,2008,LC
Biomphalaria angulosa,2009,LC
Biomphalaria angulosa,2010,LC
Biomphalaria angulosa,2011,LC
Biomphalaria angulosa,2012,LC
Biomphalaria angulosa,2013,LC
Biomphalaria angulosa,2014,LC
Biomphalaria angulosa,2015,LC
Psittacus erithacus,1998,NA
Psittacus erithacus,1999,NA
Psittacus erithacus,2000,NA
Psittacus erithacus,2001,NA
Psittacus erithacus,2002,NA
Psittacus erithacus,2003,NA
Psittacus erithacus,2004,NA
Psittacus erithacus,2005,NA
Psittacus erithacus,2006,NA
Psittacus erithacus,2007,NA
Psittacus erithacus,2008,NA
Psittacus erithacus,2009,NA
Psittacus erithacus,2010,NA
Psittacus erithacus,2011,NA
Psittacus erithacus,2012,VU
Psittacus erithacus,2013,VU
Psittacus erithacus,2014,VU
Psittacus erithacus,2015,VU
Afrocarpus dawei,1998,LR/lc
Afrocarpus dawei,1999,LR/lc
Afrocarpus dawei,2000,LR/lc
Afrocarpus dawei,2001,LR/lc
Afrocarpus dawei,2002,LR/lc
Afrocarpus dawei,2003,LR/lc
Afrocarpus dawei,2004,LR/lc
Afrocarpus dawei,2005,LR/lc
Afrocarpus dawei,2006,LR/lc
Afrocarpus dawei,2007,NT
Afrocarpus dawei,2008,NT
Afrocarpus dawei,2009,NT
Afrocarpus dawei,2010,NT
Afrocarpus dawei,2011,NT
Afrocarpus dawei,2012,NT
Afrocarpus dawei,2013,NT
Afrocarpus dawei,2014,NT
Afrocarpus dawei,2015,NT
Kinosternon creaseri,1998,LR/nt
Kinosternon creaseri,1999,LR/nt
Kinosternon creaseri,2000,LR/nt
Kinosternon creaseri,2001,LR/nt
Kinosternon creaseri,2002,LR/nt
Kinosternon creaseri,2003,LR/nt
Kinosternon creaseri,2004,LR/nt
Kinosternon creaseri,2005,LR/nt
Kinosternon creaseri,2006,LR/nt
Kinosternon creaseri,2007,LC
Kinosternon creaseri,2008,LC
Kinosternon creaseri,2009,LC
Kinosternon creaseri,2010,LC
Kinosternon creaseri,2011,LC
Kinosternon creaseri,2012,LC
Kinosternon creaseri,2013,LC
Kinosternon creaseri,2014,LC
Kinosternon creaseri,2015,LC
Procellaria conspicillata,1998,NR
Procellaria conspicillata,1999,NR
Procellaria conspicillata,2000,CR
Procellaria conspicillata,2001,CR
Procellaria conspicillata,2002,CR
Procellaria conspicillata,2003,CR
Procellaria conspicillata,2004,CR
Procellaria conspicillata,2005,CR
Procellaria conspicillata,2006,CR
Procellaria conspicillata,2007,VU
Procellaria conspicillata,2008,VU
Procellaria conspicillata,2009,VU
Procellaria conspicillata,2010,VU
Procellaria conspicillata,2011,VU
Procellaria conspicillata,2012,VU
Procellaria conspicillata,2013,VU
Procellaria conspicillata,2014,VU
Procellaria conspicillata,2015,VU
Pseudobarbus burchelli,1998,EN
Pseudobarbus burchelli,1999,EN
Pseudobarbus burchelli,2000,EN
Pseudobarbus burchelli,2001,EN
Pseudobarbus burchelli,2002,EN
Pseudobarbus burchelli,2003,EN
Pseudobarbus burchelli,2004,EN
Pseudobarbus burchelli,2005,EN
Pseudobarbus burchelli,2006,EN
Pseudobarbus burchelli,2007,CR
Pseudobarbus burchelli,2008,CR
Pseudobarbus burchelli,2009,CR
Pseudobarbus burchelli,2010,CR
Pseudobarbus burchelli,2011,CR
Pseudobarbus burchelli,2012,CR
Pseudobarbus burchelli,2013,CR
Pseudobarbus burchelli,2014,CR
Pseudobarbus burchelli,2015,CR
Serranochromis meridianus,1998,LR/cd
Serranochromis meridianus,1999,LR/cd
Serranochromis meridianus,2000,LR/cd
Serranochromis meridianus,2001,LR/cd
Serranochromis meridianus,2002,LR/cd
Serranochromis meridianus,2003,LR/cd
Serranochromis meridianus,2004,LR/cd
Serranochromis meridianus,2005,LR/cd
Serranochromis meridianus,2006,LR/cd
Serranochromis meridianus,2007,EN
Serranochromis meridianus,2008,EN
Serranochromis meridianus,2009,EN
Serranochromis meridianus,2010,EN
Serranochromis meridianus,2011,EN
Serranochromis meridianus,2012,EN
Serranochromis meridianus,2013,EN
Serranochromis meridianus,2014,EN
Serranochromis meridianus,2015,EN
Chlorocardium rodiei,1998,VU
Chlorocardium rodiei,1999,VU
Chlorocardium rodiei,2000,VU
Chlorocardium rodiei,2001,VU
Chlorocardium rodiei,2002,VU
Chlorocardium rodiei,2003,VU
Chlorocardium rodiei,2004,VU
Chlorocardium rodiei,2005,VU
Chlorocardium rodiei,2006,VU
Chlorocardium rodiei,2007,DD
Chlorocardium rodiei,2008,DD
Chlorocardium rodiei,2009,DD
Chlorocardium rodiei,2010,DD
Chlorocardium rodiei,2011,DD
Chlorocardium rodiei,2012,DD
Chlorocardium rodiei,2013,DD
Chlorocardium rodiei,2014,DD
Chlorocardium rodiei,2015,DD
Barbus brevipinnis,1998,VU
Barbus brevipinnis,1999,VU
Barbus brevipinnis,2000,VU
Barbus brevipinnis,2001,VU
Barbus brevipinnis,2002,VU
Barbus brevipinnis,2003,VU
Barbus brevipinnis,2004,VU
Barbus brevipinnis,2005,VU
Barbus brevipinnis,2006,VU
Barbus brevipinnis,2007,NT
Barbus brevipinnis,2008,NT
Barbus brevipinnis,2009,NT
Barbus brevipinnis,2010,NT
Barbus brevipinnis,2011,NT
Barbus brevipinnis,2012,NT
Barbus brevipinnis,2013,NT
Barbus brevipinnis,2014,NT
Barbus brevipinnis,2015,NT
Penelopina nigra,1998,LR/lc
Penelopina nigra,1999,LR/lc
Penelopina nigra,2000,LR/nt
Penelopina nigra,2001,LR/nt
Penelopina nigra,2002,LR/nt
Penelopina nigra,2003,LR/nt
Penelopina nigra,2004,NT
Penelopina nigra,2005,NT
Penelopina nigra,2006,NT
Penelopina nigra,2007,VU
Penelopina nigra,2008,VU
Penelopina nigra,2009,VU
Penelopina nigra,2010,VU
Penelopina nigra,2011,VU
Penelopina nigra,2012,VU
Penelopina nigra,2013,VU
Penelopina nigra,2014,VU
Penelopina nigra,2015,VU
Lipotes vexillifer,1998,CR
Lipotes vexillifer,1999,CR
Lipotes vexillifer,2000,CR
Lipotes vexillifer,2001,CR
Lipotes vexillifer,2002,CR
Lipotes vexillifer,2003,CR
Lipotes vexillifer,2004,CR
Lipotes vexillifer,2005,CR
Lipotes vexillifer,2006,CR
Lipotes vexillifer,2007,CR
Lipotes vexillifer,2008,CR(PE)
Lipotes vexillifer,2009,CR(PE)
Lipotes vexillifer,2010,CR(PE)
Lipotes vexillifer,2011,CR(PE)
Lipotes vexillifer,2012,CR(PE)
Lipotes vexillifer,2013,CR(PE)
Lipotes vexillifer,2014,CR(PE)
Lipotes vexillifer,2015,CR(PE)
Bulinus canescens,1998,LR/nt
Bulinus canescens,1999,LR/nt
Bulinus canescens,2000,LR/nt
Bulinus canescens,2001,LR/nt
Bulinus canescens,2002,LR/nt
Bulinus canescens,2003,LR/nt
Bulinus canescens,2004,LR/nt
Bulinus canescens,2005,LR/nt
Bulinus canescens,2006,LR/nt
Bulinus canescens,2007,LC
Bulinus canescens,2008,LC
Bulinus canescens,2009,LC
Bulinus canescens,2010,LC
Bulinus canescens,2011,LC
Bulinus canescens,2012,LC
Bulinus canescens,2013,LC
Bulinus canescens,2014,LC
Bulinus canescens,2015,LC
Gyps rueppellii,1998,LR/lc
Gyps rueppellii,1999,LR/lc
Gyps rueppellii,2000,LR/lc
Gyps rueppellii,2001,LR/lc
Gyps rueppellii,2002,LR/lc
Gyps rueppellii,2003,LR/lc
Gyps rueppellii,2004,LC
Gyps rueppellii,2005,LC
Gyps rueppellii,2006,LC
Gyps rueppellii,2007,NT
Gyps rueppellii,2008,NT
Gyps rueppellii,2009,NT
Gyps rueppellii,2010,NT
Gyps rueppellii,2011,NT
Gyps rueppellii,2012,EN
Gyps rueppellii,2013,EN
Gyps rueppellii,2014,EN
Gyps rueppellii,2015,CR
Corvus unicolor,1998,VU
Corvus unicolor,1999,VU
Corvus unicolor,2000,EN
Corvus unicolor,2001,EN
Corvus unicolor,2002,EN
Corvus unicolor,2003,EN
Corvus unicolor,2004,EN
Corvus unicolor,2005,CR
Corvus unicolor,2006,CR
Corvus unicolor,2007,CR
Corvus unicolor,2008,CR
Corvus unicolor,2009,CR
Corvus unicolor,2010,CR
Corvus unicolor,2011,CR
Corvus unicolor,2012,CR
Corvus unicolor,2013,CR
Corvus unicolor,2014,CR
Corvus unicolor,2015,CR
Heloderma suspectum,1998,VU
Heloderma suspectum,1999,VU
Heloderma suspectum,2000,VU
Heloderma suspectum,2001,VU
Heloderma suspectum,2002,VU
Heloderma suspectum,2003,VU
Heloderma suspectum,2004,VU
Heloderma suspectum,2005,VU
Heloderma suspectum,2006,VU
Heloderma suspectum,2007,NT
Heloderma suspectum,2008,NT
Heloderma suspectum,2009,NT
Heloderma suspectum,2010,NT
Heloderma suspectum,2011,NT
Heloderma suspectum,2012,NT
Heloderma suspectum,2013,NT
Heloderma suspectum,2014,NT
Heloderma suspectum,2015,NT
Podocarpus capuronii,1998,VU
Podocarpus capuronii,1999,VU
Podocarpus capuronii,2000,VU
Podocarpus capuronii,2001,VU
Podocarpus capuronii,2002,DD
Podocarpus capuronii,2003,DD
Podocarpus capuronii,2004,DD
Podocarpus capuronii,2005,DD
Podocarpus capuronii,2006,DD
Podocarpus capuronii,2007,EN
Podocarpus capuronii,2008,EN
Podocarpus capuronii,2009,EN
Podocarpus capuronii,2010,EN
Podocarpus capuronii,2011,EN
Podocarpus capuronii,2012,EN
Podocarpus capuronii,2013,EN
Podocarpus capuronii,2014,EN
Podocarpus capuronii,2015,EN
Macroagelaius subalaris,1998,LR/nt
Macroagelaius subalaris,1999,LR/nt
Macroagelaius subalaris,2000,CR
Macroagelaius subalaris,2001,CR
Macroagelaius subalaris,2002,CR
Macroagelaius subalaris,2003,CR
Macroagelaius subalaris,2004,CR
Macroagelaius subalaris,2005,CR
Macroagelaius subalaris,2006,CR
Macroagelaius subalaris,2007,EN
Macroagelaius subalaris,2008,EN
Macroagelaius subalaris,2009,EN
Macroagelaius subalaris,2010,EN
Macroagelaius subalaris,2011,EN
Macroagelaius subalaris,2012,EN
Macroagelaius subalaris,2013,EN
Macroagelaius subalaris,2014,EN
Macroagelaius subalaris,2015,EN
Podocarpus pallidus,1998,R
Podocarpus pallidus,1999,R
Podocarpus pallidus,2000,R
Podocarpus pallidus,2001,R
Podocarpus pallidus,2002,R
Podocarpus pallidus,2003,R
Podocarpus pallidus,2004,R
Podocarpus pallidus,2005,R
Podocarpus pallidus,2006,R
Podocarpus pallidus,2007,VU
Podocarpus pallidus,2008,VU
Podocarpus pallidus,2009,VU
Podocarpus pallidus,2010,VU
Podocarpus pallidus,2011,VU
Podocarpus pallidus,2012,VU
Podocarpus pallidus,2013,VU
Podocarpus pallidus,2014,VU
Podocarpus pallidus,2015,VU
Neurogomphus dissimilis,1998,NA
Neurogomphus dissimilis,1999,NA
Neurogomphus dissimilis,2000,NA
Neurogomphus dissimilis,2001,NA
Neurogomphus dissimilis,2002,NA
Neurogomphus dissimilis,2003,NA
Neurogomphus dissimilis,2004,NA
Neurogomphus dissimilis,2005,NA
Neurogomphus dissimilis,2006,LC
Neurogomphus dissimilis,2007,DD
Neurogomphus dissimilis,2008,DD
Neurogomphus dissimilis,2009,DD
Neurogomphus dissimilis,2010,LC
Neurogomphus dissimilis,2011,LC
Neurogomphus dissimilis,2012,LC
Neurogomphus dissimilis,2013,LC
Neurogomphus dissimilis,2014,LC
Neurogomphus dissimilis,2015,LC
Barbus hospes,1998,LR/nt
Barbus hospes,1999,LR/nt
Barbus hospes,2000,LR/nt
Barbus hospes,2001,LR/nt
Barbus hospes,2002,LR/nt
Barbus hospes,2003,LR/nt
Barbus hospes,2004,LR/nt
Barbus hospes,2005,LR/nt
Barbus hospes,2006,LR/nt
Barbus hospes,2007,LC
Barbus hospes,2008,LC
Barbus hospes,2009,LC
Barbus hospes,2010,LC
Barbus hospes,2011,LC
Barbus hospes,2012,LC
Barbus hospes,2013,LC
Barbus hospes,2014,LC
Barbus hospes,2015,LC
Nehalennia pallidula,1998,VU
Nehalennia pallidula,1999,VU
Nehalennia pallidula,2000,VU
Nehalennia pallidula,2001,VU
Nehalennia pallidula,2002,VU
Nehalennia pallidula,2003,VU
Nehalennia pallidula,2004,VU
Nehalennia pallidula,2005,VU
Nehalennia pallidula,2006,VU
Nehalennia pallidula,2007,NT
Nehalennia pallidula,2008,NT
Nehalennia pallidula,2009,NT
Nehalennia pallidula,2010,NT
Nehalennia pallidula,2011,NT
Nehalennia pallidula,2012,NT
Nehalennia pallidula,2013,NT
Nehalennia pallidula,2014,NT
Nehalennia pallidula,2015,NT
Ophiogomphus anomalus,1998,LR/nt
Ophiogomphus anomalus,1999,LR/nt
Ophiogomphus anomalus,2000,LR/nt
Ophiogomphus anomalus,2001,LR/nt
Ophiogomphus anomalus,2002,LR/nt
Ophiogomphus anomalus,2003,LR/nt
Ophiogomphus anomalus,2004,LR/nt
Ophiogomphus anomalus,2005,LR/nt
Ophiogomphus anomalus,2006,LR/nt
Ophiogomphus anomalus,2007,LC
Ophiogomphus anomalus,2008,LC
Ophiogomphus anomalus,2009,LC
Ophiogomphus anomalus,2010,LC
Ophiogomphus anomalus,2011,LC
Ophiogomphus anomalus,2012,LC
Ophiogomphus anomalus,2013,LC
Ophiogomphus anomalus,2014,LC
Ophiogomphus anomalus,2015,LC
Barbus andrewi,1998,VU
Barbus andrewi,1999,VU
Barbus andrewi,2000,VU
Barbus andrewi,2001,VU
Barbus andrewi,2002,VU
Barbus andrewi,2003,VU
Barbus andrewi,2004,VU
Barbus andrewi,2005,VU
Barbus andrewi,2006,VU
Barbus andrewi,2007,EN
Barbus andrewi,2008,EN
Barbus andrewi,2009,EN
Barbus andrewi,2010,EN
Barbus andrewi,2011,EN
Barbus andrewi,2012,EN
Barbus andrewi,2013,EN
Barbus andrewi,2014,EN
Barbus andrewi,2015,EN
Podocarpus longifoliolatus,1998,VU
Podocarpus longifoliolatus,1999,VU
Podocarpus longifoliolatus,2000,VU
Podocarpus longifoliolatus,2001,VU
Podocarpus longifoliolatus,2002,VU
Podocarpus longifoliolatus,2003,VU
Podocarpus longifoliolatus,2004,VU
Podocarpus longifoliolatus,2005,VU
Podocarpus longifoliolatus,2006,VU
Podocarpus longifoliolatus,2007,EN
Podocarpus longifoliolatus,2008,EN
Podocarpus longifoliolatus,2009,EN
Podocarpus longifoliolatus,2010,EN
Podocarpus longifoliolatus,2011,EN
Podocarpus longifoliolatus,2012,EN
Podocarpus longifoliolatus,2013,EN
Podocarpus longifoliolatus,2014,EN
Podocarpus longifoliolatus,2015,EN
Podocarpus matudae,1998,DD
Podocarpus matudae,1999,DD
Podocarpus matudae,2000,DD
Podocarpus matudae,2001,DD
Podocarpus matudae,2002,DD
Podocarpus matudae,2003,DD
Podocarpus matudae,2004,DD
Podocarpus matudae,2005,DD
Podocarpus matudae,2006,DD
Podocarpus matudae,2007,NT
Podocarpus matudae,2008,NT
Podocarpus matudae,2009,NT
Podocarpus matudae,2010,NT
Podocarpus matudae,2011,NT
Podocarpus matudae,2012,NT
Podocarpus matudae,2013,VU
Podocarpus matudae,2014,VU
Podocarpus matudae,2015,VU
Croilia mossambica,1998,LR/nt
Croilia mossambica,1999,LR/nt
Croilia mossambica,2000,LR/nt
Croilia mossambica,2001,LR/nt
Croilia mossambica,2002,LR/nt
Croilia mossambica,2003,LR/nt
Croilia mossambica,2004,LR/nt
Croilia mossambica,2005,LR/nt
Croilia mossambica,2006,LR/nt
Croilia mossambica,2007,LC
Croilia mossambica,2008,LC
Croilia mossambica,2009,LC
Croilia mossambica,2010,LC
Croilia mossambica,2011,LC
Croilia mossambica,2012,LC
Croilia mossambica,2013,LC
Croilia mossambica,2014,LC
Croilia mossambica,2015,LC
Podocarpus costaricensis,1998,VU
Podocarpus costaricensis,1999,VU
Podocarpus costaricensis,2000,VU
Podocarpus costaricensis,2001,VU
Podocarpus costaricensis,2002,VU
Podocarpus costaricensis,2003,VU
Podocarpus costaricensis,2004,VU
Podocarpus costaricensis,2005,VU
Podocarpus costaricensis,2006,VU
Podocarpus costaricensis,2007,VU
Podocarpus costaricensis,2008,VU
Podocarpus costaricensis,2009,VU
Podocarpus costaricensis,2010,VU
Podocarpus costaricensis,2011,VU
Podocarpus costaricensis,2012,VU
Podocarpus costaricensis,2013,CR
Podocarpus costaricensis,2014,CR
Podocarpus costaricensis,2015,CR
Nageia fleuryi,1998,VU
Nageia fleuryi,1999,VU
Nageia fleuryi,2000,VU
Nageia fleuryi,2001,VU
Nageia fleuryi,2002,DD
Nageia fleuryi,2003,DD
Nageia fleuryi,2004,DD
Nageia fleuryi,2005,DD
Nageia fleuryi,2006,DD
Nageia fleuryi,2007,NT
Nageia fleuryi,2008,NT
Nageia fleuryi,2009,NT
Nageia fleuryi,2010,NT
Nageia fleuryi,2011,NT
Nageia fleuryi,2012,NT
Nageia fleuryi,2013,NT
Nageia fleuryi,2014,NT
Nageia fleuryi,2015,NT
Podocarpus humbertii,1998,VU
Podocarpus humbertii,1999,VU
Podocarpus humbertii,2000,VU
Podocarpus humbertii,2001,VU
Podocarpus humbertii,2002,VU
Podocarpus humbertii,2003,VU
Podocarpus humbertii,2004,VU
Podocarpus humbertii,2005,VU
Podocarpus humbertii,2006,VU
Podocarpus humbertii,2007,EN
Podocarpus humbertii,2008,EN
Podocarpus humbertii,2009,EN
Podocarpus humbertii,2010,EN
Podocarpus humbertii,2011,EN
Podocarpus humbertii,2012,EN
Podocarpus humbertii,2013,EN
Podocarpus humbertii,2014,EN
Podocarpus humbertii,2015,EN
Xantusia riversiana,1998,VU
Xantusia riversiana,1999,VU
Xantusia riversiana,2000,VU
Xantusia riversiana,2001,VU
Xantusia riversiana,2002,VU
Xantusia riversiana,2003,VU
Xantusia riversiana,2004,VU
Xantusia riversiana,2005,VU
Xantusia riversiana,2006,VU
Xantusia riversiana,2007,LC
Xantusia riversiana,2008,LC
Xantusia riversiana,2009,LC
Xantusia riversiana,2010,LC
Xantusia riversiana,2011,LC
Xantusia riversiana,2012,LC
Xantusia riversiana,2013,LC
Xantusia riversiana,2014,LC
Xantusia riversiana,2015,LC
Austroglanis sclateri,1998,DD
Austroglanis sclateri,1999,DD
Austroglanis sclateri,2000,DD
Austroglanis sclateri,2001,DD
Austroglanis sclateri,2002,DD
Austroglanis sclateri,2003,DD
Austroglanis sclateri,2004,DD
Austroglanis sclateri,2005,DD
Austroglanis sclateri,2006,DD
Austroglanis sclateri,2007,LC
Austroglanis sclateri,2008,LC
Austroglanis sclateri,2009,LC
Austroglanis sclateri,2010,LC
Austroglanis sclateri,2011,LC
Austroglanis sclateri,2012,LC
Austroglanis sclateri,2013,LC
Austroglanis sclateri,2014,LC
Austroglanis sclateri,2015,LC
Pinus bungeana,1998,DD
Pinus bungeana,1999,DD
Pinus bungeana,2000,DD
Pinus bungeana,2001,DD
Pinus bungeana,2002,DD
Pinus bungeana,2003,DD
Pinus bungeana,2004,DD
Pinus bungeana,2005,DD
Pinus bungeana,2006,DD
Pinus bungeana,2007,LC
Pinus bungeana,2008,LC
Pinus bungeana,2009,LC
Pinus bungeana,2010,LC
Pinus bungeana,2011,LC
Pinus bungeana,2012,LC
Pinus bungeana,2013,LC
Pinus bungeana,2014,LC
Pinus bungeana,2015,LC
Hopea subalata,1998,I
Hopea subalata,1999,I
Hopea subalata,2000,I
Hopea subalata,2001,I
Hopea subalata,2002,I
Hopea subalata,2003,I
Hopea subalata,2004,I
Hopea subalata,2005,I
Hopea subalata,2006,I
Hopea subalata,2007,CR
Hopea subalata,2008,CR
Hopea subalata,2009,CR
Hopea subalata,2010,CR
Hopea subalata,2011,CR
Hopea subalata,2012,CR
Hopea subalata,2013,CR
Hopea subalata,2014,CR
Hopea subalata,2015,CR
Dacrydium spathoides,1998,R
Dacrydium spathoides,1999,R
Dacrydium spathoides,2000,R
Dacrydium spathoides,2001,R
Dacrydium spathoides,2002,R
Dacrydium spathoides,2003,R
Dacrydium spathoides,2004,R
Dacrydium spathoides,2005,R
Dacrydium spathoides,2006,R
Dacrydium spathoides,2007,NT
Dacrydium spathoides,2008,NT
Dacrydium spathoides,2009,NT
Dacrydium spathoides,2010,NT
Dacrydium spathoides,2011,NT
Dacrydium spathoides,2012,NT
Dacrydium spathoides,2013,NT
Dacrydium spathoides,2014,NT
Dacrydium spathoides,2015,NT
Psittacula eques,1998,CR
Psittacula eques,1999,CR
Psittacula eques,2000,CR
Psittacula eques,2001,CR
Psittacula eques,2002,CR
Psittacula eques,2003,CR
Psittacula eques,2004,CR
Psittacula eques,2005,CR
Psittacula eques,2006,CR
Psittacula eques,2007,EN
Psittacula eques,2008,EN
Psittacula eques,2009,EN
Psittacula eques,2010,EN
Psittacula eques,2011,EN
Psittacula eques,2012,EN
Psittacula eques,2013,EN
Psittacula eques,2014,EN
Psittacula eques,2015,EN
Pseudobarbus burgi,1998,CR
Pseudobarbus burgi,1999,CR
Pseudobarbus burgi,2000,CR
Pseudobarbus burgi,2001,CR
Pseudobarbus burgi,2002,CR
Pseudobarbus burgi,2003,CR
Pseudobarbus burgi,2004,CR
Pseudobarbus burgi,2005,CR
Pseudobarbus burgi,2006,CR
Pseudobarbus burgi,2007,EN
Pseudobarbus burgi,2008,EN
Pseudobarbus burgi,2009,EN
Pseudobarbus burgi,2010,EN
Pseudobarbus burgi,2011,EN
Pseudobarbus burgi,2012,EN
Pseudobarbus burgi,2013,EN
Pseudobarbus burgi,2014,EN
Pseudobarbus burgi,2015,EN
Gomphus consanguis,1998,VU
Gomphus consanguis,1999,VU
Gomphus consanguis,2000,VU
Gomphus consanguis,2001,VU
Gomphus consanguis,2002,VU
Gomphus consanguis,2003,VU
Gomphus consanguis,2004,VU
Gomphus consanguis,2005,VU
Gomphus consanguis,2006,VU
Gomphus consanguis,2007,EN
Gomphus consanguis,2008,EN
Gomphus consanguis,2009,EN
Gomphus consanguis,2010,EN
Gomphus consanguis,2011,EN
Gomphus consanguis,2012,EN
Gomphus consanguis,2013,EN
Gomphus consanguis,2014,EN
Gomphus consanguis,2015,EN
Rhinoclemmys rubida,1998,VU
Rhinoclemmys rubida,1999,VU
Rhinoclemmys rubida,2000,VU
Rhinoclemmys rubida,2001,VU
Rhinoclemmys rubida,2002,VU
Rhinoclemmys rubida,2003,VU
Rhinoclemmys rubida,2004,VU
Rhinoclemmys rubida,2005,VU
Rhinoclemmys rubida,2006,VU
Rhinoclemmys rubida,2007,NT
Rhinoclemmys rubida,2008,NT
Rhinoclemmys rubida,2009,NT
Rhinoclemmys rubida,2010,NT
Rhinoclemmys rubida,2011,NT
Rhinoclemmys rubida,2012,NT
Rhinoclemmys rubida,2013,NT
Rhinoclemmys rubida,2014,NT
Rhinoclemmys rubida,2015,NT
Podocarpus globulus,1998,R
Podocarpus globulus,1999,R
Podocarpus globulus,2000,R
Podocarpus globulus,2001,R
Podocarpus globulus,2002,R
Podocarpus globulus,2003,R
Podocarpus globulus,2004,R
Podocarpus globulus,2005,R
Podocarpus globulus,2006,R
Podocarpus globulus,2007,EN
Podocarpus globulus,2008,EN
Podocarpus globulus,2009,EN
Podocarpus globulus,2010,EN
Podocarpus globulus,2011,EN
Podocarpus globulus,2012,EN
Podocarpus globulus,2013,EN
Podocarpus globulus,2014,EN
Podocarpus globulus,2015,EN
Podocarpus palawanensis,1998,DD
Podocarpus palawanensis,1999,DD
Podocarpus palawanensis,2000,DD
Podocarpus palawanensis,2001,DD
Podocarpus palawanensis,2002,DD
Podocarpus palawanensis,2003,DD
Podocarpus palawanensis,2004,DD
Podocarpus palawanensis,2005,DD
Podocarpus palawanensis,2006,DD
Podocarpus palawanensis,2007,CR
Podocarpus palawanensis,2008,CR
Podocarpus palawanensis,2009,CR
Podocarpus palawanensis,2010,CR
Podocarpus palawanensis,2011,CR
Podocarpus palawanensis,2012,CR
Podocarpus palawanensis,2013,CR
Podocarpus palawanensis,2014,CR
Podocarpus palawanensis,2015,CR
Podocarpus deflexus,1998,R
Podocarpus deflexus,1999,R
Podocarpus deflexus,2000,R
Podocarpus deflexus,2001,R
Podocarpus deflexus,2002,DD
Podocarpus deflexus,2003,DD
Podocarpus deflexus,2004,DD
Podocarpus deflexus,2005,DD
Podocarpus deflexus,2006,DD
Podocarpus deflexus,2007,EN
Podocarpus deflexus,2008,EN
Podocarpus deflexus,2009,EN
Podocarpus deflexus,2010,EN
Podocarpus deflexus,2011,EN
Podocarpus deflexus,2012,EN
Podocarpus deflexus,2013,NT
Podocarpus deflexus,2014,NT
Podocarpus deflexus,2015,NT
Coeligena orina,1998,LR/lc
Coeligena orina,1999,LR/lc
Coeligena orina,2000,LR/lc
Coeligena orina,2001,LR/lc
Coeligena orina,2002,LR/lc
Coeligena orina,2003,LR/lc
Coeligena orina,2004,LC
Coeligena orina,2005,LC
Coeligena orina,2006,LC
Coeligena orina,2007,CR
Coeligena orina,2008,CR
Coeligena orina,2009,CR
Coeligena orina,2010,CR
Coeligena orina,2011,CR
Coeligena orina,2012,CR
Coeligena orina,2013,CR
Coeligena orina,2014,CR
Coeligena orina,2015,CR
Gavialis gangeticus,1998,EN
Gavialis gangeticus,1999,EN
Gavialis gangeticus,2000,EN
Gavialis gangeticus,2001,EN
Gavialis gangeticus,2002,EN
Gavialis gangeticus,2003,EN
Gavialis gangeticus,2004,EN
Gavialis gangeticus,2005,EN
Gavialis gangeticus,2006,EN
Gavialis gangeticus,2007,CR
Gavialis gangeticus,2008,CR
Gavialis gangeticus,2009,CR
Gavialis gangeticus,2010,CR
Gavialis gangeticus,2011,CR
Gavialis gangeticus,2012,CR
Gavialis gangeticus,2013,CR
Gavialis gangeticus,2014,CR
Gavialis gangeticus,2015,CR
Gomphus septima,1998,VU
Gomphus septima,1999,VU
Gomphus septima,2000,VU
Gomphus septima,2001,VU
Gomphus septima,2002,VU
Gomphus septima,2003,VU
Gomphus septima,2004,VU
Gomphus septima,2005,VU
Gomphus septima,2006,VU
Gomphus septima,2007,LC
Gomphus septima,2008,LC
Gomphus septima,2009,LC
Gomphus septima,2010,LC
Gomphus septima,2011,LC
Gomphus septima,2012,LC
Gomphus septima,2013,LC
Gomphus septima,2014,LC
Gomphus septima,2015,LC
Pinus greggii,1998,DD
Pinus greggii,1999,DD
Pinus greggii,2000,DD
Pinus greggii,2001,DD
Pinus greggii,2002,DD
Pinus greggii,2003,DD
Pinus greggii,2004,DD
Pinus greggii,2005,DD
Pinus greggii,2006,DD
Pinus greggii,2007,NT
Pinus greggii,2008,NT
Pinus greggii,2009,NT
Pinus greggii,2010,NT
Pinus greggii,2011,NT
Pinus greggii,2012,NT
Pinus greggii,2013,VU
Pinus greggii,2014,VU
Pinus greggii,2015,VU
Nothobranchius kirki,1998,NA
Nothobranchius kirki,1999,NA
Nothobranchius kirki,2000,NA
Nothobranchius kirki,2001,NA
Nothobranchius kirki,2002,NA
Nothobranchius kirki,2003,NA
Nothobranchius kirki,2004,NA
Nothobranchius kirki,2005,NA
Nothobranchius kirki,2006,NA
Nothobranchius kirki,2007,LC
Nothobranchius kirki,2008,LC
Nothobranchius kirki,2009,LC
Nothobranchius kirki,2010,LC
Nothobranchius kirki,2011,LC
Nothobranchius kirki,2012,LC
Nothobranchius kirki,2013,LC
Nothobranchius kirki,2014,LC
Nothobranchius kirki,2015,LC
Progomphus bellei,1998,VU
Progomphus bellei,1999,VU
Progomphus bellei,2000,VU
Progomphus bellei,2001,VU
Progomphus bellei,2002,VU
Progomphus bellei,2003,VU
Progomphus bellei,2004,VU
Progomphus bellei,2005,VU
Progomphus bellei,2006,VU
Progomphus bellei,2007,NT
Progomphus bellei,2008,NT
Progomphus bellei,2009,NT
Progomphus bellei,2010,NT
Progomphus bellei,2011,NT
Progomphus bellei,2012,NT
Progomphus bellei,2013,NT
Progomphus bellei,2014,NT
Progomphus bellei,2015,NT
Barbus trevelyani,1998,CR
Barbus trevelyani,1999,CR
Barbus trevelyani,2000,CR
Barbus trevelyani,2001,CR
Barbus trevelyani,2002,CR
Barbus trevelyani,2003,CR
Barbus trevelyani,2004,CR
Barbus trevelyani,2005,CR
Barbus trevelyani,2006,CR
Barbus trevelyani,2007,EN
Barbus trevelyani,2008,EN
Barbus trevelyani,2009,EN
Barbus trevelyani,2010,EN
Barbus trevelyani,2011,EN
Barbus trevelyani,2012,EN
Barbus trevelyani,2013,EN
Barbus trevelyani,2014,EN
Barbus trevelyani,2015,EN
Podocarpus laubenfelsii,1998,R
Podocarpus laubenfelsii,1999,R
Podocarpus laubenfelsii,2000,R
Podocarpus laubenfelsii,2001,R
Podocarpus laubenfelsii,2002,R
Podocarpus laubenfelsii,2003,R
Podocarpus laubenfelsii,2004,R
Podocarpus laubenfelsii,2005,R
Podocarpus laubenfelsii,2006,R
Podocarpus laubenfelsii,2007,EN
Podocarpus laubenfelsii,2008,EN
Podocarpus laubenfelsii,2009,EN
Podocarpus laubenfelsii,2010,EN
Podocarpus laubenfelsii,2011,EN
Podocarpus laubenfelsii,2012,EN
Podocarpus laubenfelsii,2013,EN
Podocarpus laubenfelsii,2014,EN
Podocarpus laubenfelsii,2015,EN
Heloderma horridum,1998,VU
Heloderma horridum,1999,VU
Heloderma horridum,2000,VU
Heloderma horridum,2001,VU
Heloderma horridum,2002,VU
Heloderma horridum,2003,VU
Heloderma horridum,2004,VU
Heloderma horridum,2005,VU
Heloderma horridum,2006,VU
Heloderma horridum,2007,LC
Heloderma horridum,2008,LC
Heloderma horridum,2009,LC
Heloderma horridum,2010,LC
Heloderma horridum,2011,LC
Heloderma horridum,2012,LC
Heloderma horridum,2013,LC
Heloderma horridum,2014,LC
Heloderma horridum,2015,LC
Pelecanus philippensis,1998,VU
Pelecanus philippensis,1999,VU
Pelecanus philippensis,2000,VU
Pelecanus philippensis,2001,VU
Pelecanus philippensis,2002,VU
Pelecanus philippensis,2003,VU
Pelecanus philippensis,2004,VU
Pelecanus philippensis,2005,VU
Pelecanus philippensis,2006,VU
Pelecanus philippensis,2007,NT
Pelecanus philippensis,2008,NT
Pelecanus philippensis,2009,NT
Pelecanus philippensis,2010,NT
Pelecanus philippensis,2011,NT
Pelecanus philippensis,2012,NT
Pelecanus philippensis,2013,NT
Pelecanus philippensis,2014,NT
Pelecanus philippensis,2015,NT
Bellamya monardi,1998,EN
Bellamya monardi,1999,EN
Bellamya monardi,2000,EN
Bellamya monardi,2001,EN
Bellamya monardi,2002,EN
Bellamya monardi,2003,EN
Bellamya monardi,2004,EN
Bellamya monardi,2005,EN
Bellamya monardi,2006,EN
Bellamya monardi,2007,NT
Bellamya monardi,2008,NT
Bellamya monardi,2009,NT
Bellamya monardi,2010,NT
Bellamya monardi,2011,NT
Bellamya monardi,2012,NT
Bellamya monardi,2013,NT
Bellamya monardi,2014,NT
Bellamya monardi,2015,NT
Phapitreron cinereiceps,1998,VU
Phapitreron cinereiceps,1999,VU
Phapitreron cinereiceps,2000,CR
Phapitreron cinereiceps,2001,CR
Phapitreron cinereiceps,2002,CR
Phapitreron cinereiceps,2003,CR
Phapitreron cinereiceps,2004,CR
Phapitreron cinereiceps,2005,CR
Phapitreron cinereiceps,2006,CR
Phapitreron cinereiceps,2007,EN
Phapitreron cinereiceps,2008,EN
Phapitreron cinereiceps,2009,EN
Phapitreron cinereiceps,2010,EN
Phapitreron cinereiceps,2011,EN
Phapitreron cinereiceps,2012,EN
Phapitreron cinereiceps,2013,EN
Phapitreron cinereiceps,2014,EN
Phapitreron cinereiceps,2015,EN
Somatochlora hineana,1998,EN
Somatochlora hineana,1999,EN
Somatochlora hineana,2000,EN
Somatochlora hineana,2001,EN
Somatochlora hineana,2002,EN
Somatochlora hineana,2003,EN
Somatochlora hineana,2004,EN
Somatochlora hineana,2005,EN
Somatochlora hineana,2006,EN
Somatochlora hineana,2007,NT
Somatochlora hineana,2008,NT
Somatochlora hineana,2009,NT
Somatochlora hineana,2010,NT
Somatochlora hineana,2011,NT
Somatochlora hineana,2012,NT
Somatochlora hineana,2013,NT
Somatochlora hineana,2014,NT
Somatochlora hineana,2015,NT
Redigobius dewaali,1998,LR/nt
Redigobius dewaali,1999,LR/nt
Redigobius dewaali,2000,LR/nt
Redigobius dewaali,2001,LR/nt
Redigobius dewaali,2002,LR/nt
Redigobius dewaali,2003,LR/nt
Redigobius dewaali,2004,LR/nt
Redigobius dewaali,2005,LR/nt
Redigobius dewaali,2006,LR/nt
Redigobius dewaali,2007,LC
Redigobius dewaali,2008,LC
Redigobius dewaali,2009,LC
Redigobius dewaali,2010,LC
Redigobius dewaali,2011,LC
Redigobius dewaali,2012,LC
Redigobius dewaali,2013,LC
Redigobius dewaali,2014,LC
Redigobius dewaali,2015,LC
Sarcogyps calvus,1998,LR/nt
Sarcogyps calvus,1999,LR/nt
Sarcogyps calvus,2000,LR/nt
Sarcogyps calvus,2001,LR/nt
Sarcogyps calvus,2002,LR/nt
Sarcogyps calvus,2003,LR/nt
Sarcogyps calvus,2004,NT
Sarcogyps calvus,2005,NT
Sarcogyps calvus,2006,NT
Sarcogyps calvus,2007,CR
Sarcogyps calvus,2008,CR
Sarcogyps calvus,2009,CR
Sarcogyps calvus,2010,CR
Sarcogyps calvus,2011,CR
Sarcogyps calvus,2012,CR
Sarcogyps calvus,2013,CR
Sarcogyps calvus,2014,CR
Sarcogyps calvus,2015,CR
Pinus bhutanica,1998,DD
Pinus bhutanica,1999,DD
Pinus bhutanica,2000,DD
Pinus bhutanica,2001,DD
Pinus bhutanica,2002,DD
Pinus bhutanica,2003,DD
Pinus bhutanica,2004,DD
Pinus bhutanica,2005,DD
Pinus bhutanica,2006,DD
Pinus bhutanica,2007,LC
Pinus bhutanica,2008,LC
Pinus bhutanica,2009,LC
Pinus bhutanica,2010,LC
Pinus bhutanica,2011,LC
Pinus bhutanica,2012,LC
Pinus bhutanica,2013,LC
Pinus bhutanica,2014,LC
Pinus bhutanica,2015,LC
Cinclodes pabsti,1998,LR/lc
Cinclodes pabsti,1999,LR/lc
Cinclodes pabsti,2000,LR/lc
Cinclodes pabsti,2001,LR/lc
Cinclodes pabsti,2002,LR/lc
Cinclodes pabsti,2003,LR/lc
Cinclodes pabsti,2004,LC
Cinclodes pabsti,2005,LC
Cinclodes pabsti,2006,LC
Cinclodes pabsti,2007,NT
Cinclodes pabsti,2008,NT
Cinclodes pabsti,2009,NT
Cinclodes pabsti,2010,NT
Cinclodes pabsti,2011,NT
Cinclodes pabsti,2012,NT
Cinclodes pabsti,2013,NT
Cinclodes pabsti,2014,NT
Cinclodes pabsti,2015,NT
Mazama chunyi,1998,DD
Mazama chunyi,1999,DD
Mazama chunyi,2000,DD
Mazama chunyi,2001,DD
Mazama chunyi,2002,DD
Mazama chunyi,2003,DD
Mazama chunyi,2004,DD
Mazama chunyi,2005,DD
Mazama chunyi,2006,DD
Mazama chunyi,2007,VU
Mazama chunyi,2008,VU
Mazama chunyi,2009,VU
Mazama chunyi,2010,VU
Mazama chunyi,2011,VU
Mazama chunyi,2012,VU
Mazama chunyi,2013,VU
Mazama chunyi,2014,VU
Mazama chunyi,2015,VU
Melamprosops phaeosoma,1998,CR
Melamprosops phaeosoma,1999,CR
Melamprosops phaeosoma,2000,CR
Melamprosops phaeosoma,2001,CR
Melamprosops phaeosoma,2002,CR
Melamprosops phaeosoma,2003,CR
Melamprosops phaeosoma,2004,CR
Melamprosops phaeosoma,2005,CR
Melamprosops phaeosoma,2006,CR
Melamprosops phaeosoma,2007,CR
Melamprosops phaeosoma,2008,CR
Melamprosops phaeosoma,2009,CR
Melamprosops phaeosoma,2010,CR
Melamprosops phaeosoma,2011,CR
Melamprosops phaeosoma,2012,CR
Melamprosops phaeosoma,2013,CR(PE)
Melamprosops phaeosoma,2014,CR(PE)
Melamprosops phaeosoma,2015,CR(PE)
Podocarpus barretoi,1998,NA
Podocarpus barretoi,1999,NA
Podocarpus barretoi,2000,NA
Podocarpus barretoi,2001,NA
Podocarpus barretoi,2002,NA
Podocarpus barretoi,2003,NA
Podocarpus barretoi,2004,NA
Podocarpus barretoi,2005,NA
Podocarpus barretoi,2006,NA
Podocarpus barretoi,2007,NA
Podocarpus barretoi,2008,NA
Podocarpus barretoi,2009,NA
Podocarpus barretoi,2010,NA
Podocarpus barretoi,2011,NA
Podocarpus barretoi,2012,NA
Podocarpus barretoi,2013,LC
Podocarpus barretoi,2014,LC
Podocarpus barretoi,2015,LC
Trigonoceps occipitalis,1998,LR/lc
Trigonoceps occipitalis,1999,LR/lc
Trigonoceps occipitalis,2000,LR/lc
Trigonoceps occipitalis,2001,LR/lc
Trigonoceps occipitalis,2002,LR/lc
Trigonoceps occipitalis,2003,LR/lc
Trigonoceps occipitalis,2004,LC
Trigonoceps occipitalis,2005,LC
Trigonoceps occipitalis,2006,LC
Trigonoceps occipitalis,2007,VU
Trigonoceps occipitalis,2008,VU
Trigonoceps occipitalis,2009,VU
Trigonoceps occipitalis,2010,VU
Trigonoceps occipitalis,2011,VU
Trigonoceps occipitalis,2012,VU
Trigonoceps occipitalis,2013,VU
Trigonoceps occipitalis,2014,VU
Trigonoceps occipitalis,2015,CR
Dacrydium leptophyllum,1998,VU
Dacrydium leptophyllum,1999,VU
Dacrydium leptophyllum,2000,VU
Dacrydium leptophyllum,2001,VU
Dacrydium leptophyllum,2002,DD
Dacrydium leptophyllum,2003,DD
Dacrydium leptophyllum,2004,DD
Dacrydium leptophyllum,2005,DD
Dacrydium leptophyllum,2006,DD
Dacrydium leptophyllum,2007,VU
Dacrydium leptophyllum,2008,VU
Dacrydium leptophyllum,2009,VU
Dacrydium leptophyllum,2010,VU
Dacrydium leptophyllum,2011,VU
Dacrydium leptophyllum,2012,VU
Dacrydium leptophyllum,2013,VU
Dacrydium leptophyllum,2014,VU
Dacrydium leptophyllum,2015,VU
Paragomphus cataractae,1998,NA
Paragomphus cataractae,1999,NA
Paragomphus cataractae,2000,NA
Paragomphus cataractae,2001,NA
Paragomphus cataractae,2002,NA
Paragomphus cataractae,2003,NA
Paragomphus cataractae,2004,NA
Paragomphus cataractae,2005,NA
Paragomphus cataractae,2006,VU
Paragomphus cataractae,2007,NT
Paragomphus cataractae,2008,NT
Paragomphus cataractae,2009,NT
Paragomphus cataractae,2010,NT
Paragomphus cataractae,2011,NT
Paragomphus cataractae,2012,NT
Paragomphus cataractae,2013,NT
Paragomphus cataractae,2014,NT
Paragomphus cataractae,2015,NT
Ophiogomphus howei,1998,VU
Ophiogomphus howei,1999,VU
Ophiogomphus howei,2000,VU
Ophiogomphus howei,2001,VU
Ophiogomphus howei,2002,VU
Ophiogomphus howei,2003,VU
Ophiogomphus howei,2004,VU
Ophiogomphus howei,2005,VU
Ophiogomphus howei,2006,VU
Ophiogomphus howei,2007,LC
Ophiogomphus howei,2008,LC
Ophiogomphus howei,2009,LC
Ophiogomphus howei,2010,LC
Ophiogomphus howei,2011,LC
Ophiogomphus howei,2012,LC
Ophiogomphus howei,2013,LC
Ophiogomphus howei,2014,LC
Ophiogomphus howei,2015,LC
Podocarpus perrieri,1998,DD
Podocarpus perrieri,1999,DD
Podocarpus perrieri,2000,DD
Podocarpus perrieri,2001,DD
Podocarpus perrieri,2002,DD
Podocarpus perrieri,2003,DD
Podocarpus perrieri,2004,DD
Podocarpus perrieri,2005,DD
Podocarpus perrieri,2006,DD
Podocarpus perrieri,2007,CR
Podocarpus perrieri,2008,CR
Podocarpus perrieri,2009,CR
Podocarpus perrieri,2010,CR
Podocarpus perrieri,2011,CR
Podocarpus perrieri,2012,CR
Podocarpus perrieri,2013,CR(PE)
Podocarpus perrieri,2014,CR(PE)
Podocarpus perrieri,2015,CR(PE)
Barbus treurensis,1998,LR/cd
Barbus treurensis,1999,LR/cd
Barbus treurensis,2000,LR/cd
Barbus treurensis,2001,LR/cd
Barbus treurensis,2002,LR/cd
Barbus treurensis,2003,LR/cd
Barbus treurensis,2004,LR/cd
Barbus treurensis,2005,LR/cd
Barbus treurensis,2006,LR/cd
Barbus treurensis,2007,EN
Barbus treurensis,2008,EN
Barbus treurensis,2009,EN
Barbus treurensis,2010,EN
Barbus treurensis,2011,EN
Barbus treurensis,2012,EN
Barbus treurensis,2013,EN
Barbus treurensis,2014,EN
Barbus treurensis,2015,EN
Pseudobarbus tenuis,1998,EN
Pseudobarbus tenuis,1999,EN
Pseudobarbus tenuis,2000,EN
Pseudobarbus tenuis,2001,EN
Pseudobarbus tenuis,2002,EN
Pseudobarbus tenuis,2003,EN
Pseudobarbus tenuis,2004,EN
Pseudobarbus tenuis,2005,EN
Pseudobarbus tenuis,2006,EN
Pseudobarbus tenuis,2007,NT
Pseudobarbus tenuis,2008,NT
Pseudobarbus tenuis,2009,NT
Pseudobarbus tenuis,2010,NT
Pseudobarbus tenuis,2011,NT
Pseudobarbus tenuis,2012,NT
Pseudobarbus tenuis,2013,NT
Pseudobarbus tenuis,2014,NT
Pseudobarbus tenuis,2015,NT
Ophiogomphus acuminatus,1998,VU
Ophiogomphus acuminatus,1999,VU
Ophiogomphus acuminatus,2000,VU
Ophiogomphus acuminatus,2001,VU
Ophiogomphus acuminatus,2002,VU
Ophiogomphus acuminatus,2003,VU
Ophiogomphus acuminatus,2004,VU
Ophiogomphus acuminatus,2005,VU
Ophiogomphus acuminatus,2006,VU
Ophiogomphus acuminatus,2007,NT
Ophiogomphus acuminatus,2008,NT
Ophiogomphus acuminatus,2009,NT
Ophiogomphus acuminatus,2010,NT
Ophiogomphus acuminatus,2011,NT
Ophiogomphus acuminatus,2012,NT
Ophiogomphus acuminatus,2013,NT
Ophiogomphus acuminatus,2014,NT
Ophiogomphus acuminatus,2015,NT
Opsaridium peringueyi,1998,VU
Opsaridium peringueyi,1999,VU
Opsaridium peringueyi,2000,VU
Opsaridium peringueyi,2001,VU
Opsaridium peringueyi,2002,VU
Opsaridium peringueyi,2003,VU
Opsaridium peringueyi,2004,VU
Opsaridium peringueyi,2005,VU
Opsaridium peringueyi,2006,VU
Opsaridium peringueyi,2007,LC
Opsaridium peringueyi,2008,LC
Opsaridium peringueyi,2009,LC
Opsaridium peringueyi,2010,LC
Opsaridium peringueyi,2011,LC
Opsaridium peringueyi,2012,LC
Opsaridium peringueyi,2013,LC
Opsaridium peringueyi,2014,LC
Opsaridium peringueyi,2015,LC
Aciagrion heterosticta,1998,NA
Aciagrion heterosticta,1999,NA
Aciagrion heterosticta,2000,NA
Aciagrion heterosticta,2001,NA
Aciagrion heterosticta,2002,NA
Aciagrion heterosticta,2003,NA
Aciagrion heterosticta,2004,NA
Aciagrion heterosticta,2005,NA
Aciagrion heterosticta,2006,LC
Aciagrion heterosticta,2007,DD
Aciagrion heterosticta,2008,DD
Aciagrion heterosticta,2009,DD
Aciagrion heterosticta,2010,LC
Aciagrion heterosticta,2011,LC
Aciagrion heterosticta,2012,LC
Aciagrion heterosticta,2013,LC
Aciagrion heterosticta,2014,LC
Aciagrion heterosticta,2015,LC
Heteromunia pectoralis,1998,LR/nt
Heteromunia pectoralis,1999,LR/nt
Heteromunia pectoralis,2000,LR/nt
Heteromunia pectoralis,2001,LR/nt
Heteromunia pectoralis,2002,LR/nt
Heteromunia pectoralis,2003,LR/nt
Heteromunia pectoralis,2004,NT
Heteromunia pectoralis,2005,NT
Heteromunia pectoralis,2006,NT
Heteromunia pectoralis,2007,LC
Heteromunia pectoralis,2008,LC
Heteromunia pectoralis,2009,LC
Heteromunia pectoralis,2010,LC
Heteromunia pectoralis,2011,LC
Heteromunia pectoralis,2012,LC
Heteromunia pectoralis,2013,LC
Heteromunia pectoralis,2014,LC
Heteromunia pectoralis,2015,LC
Silhouettea sibayi,1998,LR/nt
Silhouettea sibayi,1999,LR/nt
Silhouettea sibayi,2000,LR/nt
Silhouettea sibayi,2001,LR/nt
Silhouettea sibayi,2002,LR/nt
Silhouettea sibayi,2003,LR/nt
Silhouettea sibayi,2004,LR/nt
Silhouettea sibayi,2005,LR/nt
Silhouettea sibayi,2006,LR/nt
Silhouettea sibayi,2007,EN
Silhouettea sibayi,2008,EN
Silhouettea sibayi,2009,EN
Silhouettea sibayi,2010,EN
Silhouettea sibayi,2011,EN
Silhouettea sibayi,2012,EN
Silhouettea sibayi,2013,EN
Silhouettea sibayi,2014,EN
Silhouettea sibayi,2015,EN
Pseudobarbus afer,1998,LR/nt
Pseudobarbus afer,1999,LR/nt
Pseudobarbus afer,2000,LR/nt
Pseudobarbus afer,2001,LR/nt
Pseudobarbus afer,2002,LR/nt
Pseudobarbus afer,2003,LR/nt
Pseudobarbus afer,2004,LR/nt
Pseudobarbus afer,2005,LR/nt
Pseudobarbus afer,2006,LR/nt
Pseudobarbus afer,2007,EN
Pseudobarbus afer,2008,EN
Pseudobarbus afer,2009,EN
Pseudobarbus afer,2010,EN
Pseudobarbus afer,2011,EN
Pseudobarbus afer,2012,EN
Pseudobarbus afer,2013,EN
Pseudobarbus afer,2014,EN
Pseudobarbus afer,2015,EN
Dacrydium cornwalliana,1998,R
Dacrydium cornwalliana,1999,R
Dacrydium cornwalliana,2000,R
Dacrydium cornwalliana,2001,R
Dacrydium cornwalliana,2002,R
Dacrydium cornwalliana,2003,R
Dacrydium cornwalliana,2004,R
Dacrydium cornwalliana,2005,R
Dacrydium cornwalliana,2006,R
Dacrydium cornwalliana,2007,LC
Dacrydium cornwalliana,2008,LC
Dacrydium cornwalliana,2009,LC
Dacrydium cornwalliana,2010,LC
Dacrydium cornwalliana,2011,LC
Dacrydium cornwalliana,2012,LC
Dacrydium cornwalliana,2013,LC
Dacrydium cornwalliana,2014,LC
Dacrydium cornwalliana,2015,LC
